<process>
	<extension>
		<operation domain="NODE" id="20" name="GetTransactionDetail" type="WEB_SERVICE" version="VER_20" webservice="QUERY">
			<documentation/>
		</operation>
	</extension>
	<partnerLinks>
		<partnerLink name="StoredProcedure" partnerLinkType="">
			<extension namespace="">
				<component class="DataFlow.PlugIn.Common.StoredProcedure" library="bin/DataFlow.PlugIn.Common.dll"/>
			</extension>
		</partnerLink>
	</partnerLinks>
	<variables>
		<variable name="webMethodName">QUERY</variable>
		<variable name="operationName">GetTransactionDetail</variable>
		<variable name="transactionId"/>
		<variable name="securityToken"/>
		<variable name="dataflow"/>
		<variable name="request"/>
		<variable name="rowId"/>
		<variable name="maxRows"/>
		<variable name="documents"/>
		<variable name="transID"/>
	</variables>
	<sequence>
		<invoke partnerLink="StoredProcedure">
			<extension namespace="">
				<component aliasName="MyStoreProcedure" runAsThread="False"/>
				<inputParameters>
					<parameter name="spName" type="System.String" value="USP_GENERATE_TRANSACT_DTL_XML"/>
					<parameter name="dataSource" type="System.String" value="node"/>
					<parameter name="logMessage" type="System.String" value=""/>
					<parameter name="faultMessage" type="System.String" value=""/>
					<parameter name="commandtimeout" type="System.String" value=""/>
					<parameter name="p_TRANS_ID" type="System.String" value="{Global::transID}"/>
					<parameter name="p_RESULT" type="System.String" value="output:"/>
				</inputParameters>
			</extension>
		</invoke>
	</sequence>
</process>
