<process>
	<extension>
		<operation domain="NODE" id="20" name="GetTransactionList" type="WEB_SERVICE" version="VER_20" webservice="QUERY">
			<documentation/>
		</operation>
	</extension>
	<partnerLinks>
		<partnerLink name="StoredProcedure" partnerLinkType="">
			<extension namespace="">
				<component class="DataFlow.PlugIn.Common.StoredProcedure" library="bin/DataFlow.PlugIn.Common.dll"/>
			</extension>
		</partnerLink>
	</partnerLinks>
	<variables>
		<variable name="webMethodName">QUERY</variable>
		<variable name="operationName">GetTransactionList</variable>
		<variable name="transactionId"/>
		<variable name="securityToken"/>
		<variable name="dataflow"/>
		<variable name="request"/>
		<variable name="rowId"/>
		<variable name="maxRows"/>
		<variable name="documents"/>
		<variable name="transID"/>
		<variable name="DataFlow1"/>
		<variable name="Status"/>
		<variable name="Type"/>
		<variable name="UserId"/>
		<variable name="Recipients"/>
		<variable name="Organization"/>
		<variable name="toDate"/>
		<variable name="fromDate"/>
	</variables>
	<sequence>
		<invoke partnerLink="StoredProcedure">
			<extension namespace="">
				<component aliasName="MyStoreProcedure" runAsThread="False"/>
				<inputParameters>
					<parameter name="spName" type="System.String" value="USP_GENERATE_TRANSACT_SVC_XML"/>
					<parameter name="dataSource" type="System.String" value="node"/>
					<parameter name="logMessage" type="System.String" value=""/>
					<parameter name="faultMessage" type="System.String" value=""/>
					<parameter name="commandtimeout" type="System.String" value=""/>
					<parameter name="p_TRANS_ID" type="System.String" value="{Global::transID}"/>
					<parameter name="p_DATAFLOW" type="System.String" value="{Global::DataFlow1}"/>
					<parameter name="p_STATUS" type="System.String" value="{Global::Status}"/>
					<parameter name="p_TYPE" type="System.String" value="{Global::Type}"/>
					<parameter name="p_USERID" type="System.String" value="{Global::UserId}"/>
					<parameter name="p_RECIPIENTS" type="System.String" value="{Global::Recipients}"/>
					<parameter name="p_ORGANIZATION" type="System.String" value="{Global::Organization}"/>
					<parameter name="p_TO_DATE" type="System.String" value="{Global::toDate}"/>
					<parameter name="p_FROM_DATE" type="System.String" value="{Global::fromDate}"/>
					<parameter name="p_RESULT" type="System.String" value="output:"/>
				</inputParameters>
			</extension>
		</invoke>
	</sequence>
</process>
