<?xml version="1.0" encoding="utf-8"?>
<process>
	<extension>
		<operation name="GetFacilityByChangeDate" id="176" domain="FRSV3" webservice="QUERY" type="WEB_SERVICE" version="VER_20">
			<documentation></documentation>
		</operation>
	</extension>
	<partnerLinks>
		<partnerLink name="StoredProcedure" partnerLinkType="">
			<extension namespace="">
				<component library="bin/DataFlow.PlugIn.Common.dll" class="DataFlow.PlugIn.Common.StoredProcedure" />
			</extension>
		</partnerLink>
	</partnerLinks>
	<variables>
		<variable name="webMethodName">QUERY</variable>
		<variable name="operationName">GetFACID3ByChangeDate</variable>
		<variable name="transactionId" />
		<variable name="securityToken" />
		<variable name="dataflow" />
		<variable name="request" />
		<variable name="rowId" />
		<variable name="maxRows" />
		<variable name="Change Date" type="" encoding="" occurrencenumber="" requiredindicator="" typeDescriptor="" />
		<variable name="Originating Partner Name   " type="" encoding="" occurrencenumber="" requiredindicator="" typeDescriptor="" />
		<variable name="Information System Acronym Name" type="" encoding="" occurrencenumber="" requiredindicator="" typeDescriptor="" />
	</variables>
	<sequence>
		<invoke partnerLink="StoredProcedure">
			<extension namespace="">
				<component aliasName="GenXML" runAsThread="False" />
				<inputParameters>
					<parameter name="spName" value="usp_get_facility_profile_xml" type="System.String" />
					<parameter name="dataSource" value="MSSQL:server=xxxxx;database=MFL_STG;UID=MFL_STG;PWD=MFL_STG" type="System.String" />
					<parameter name="logMessage" value="" type="System.String" />
					<parameter name="faultMessage" value="" type="System.String" />
					<parameter name="commandtimeout" value="" type="System.String" />
					<parameter name="@start_date" value="{Global::Change Date}" type="System.String" />
					<parameter name="@output" value="{output:-1}" type="System.String" />
				</inputParameters>
			</extension>
		</invoke>
	</sequence>
</process>