<?xml version="1.0" encoding="utf-8" ?>
<MappingScript>
	<DataSource type="System.Data.SqlClient">
		<Value>Server=vistatsaic09;Database=RCRA;UID=nodeadmin;PWD=nodeadmin</Value>
	</DataSource>
	<Variable>
		<Key name="SubID">2</Key>
		<Key name="SEQUENCE_NO">14</Key>
		<Key name="CountyCode">AL001</Key>
	</Variable>
	<MetaData>
		<Namespaces>
			<NameValues>
				<Name>hdr</Name>
				<Value>http://www.exchangenetwork.net/schema/v1.0/ExchangeNetworkDocument.xsd</Value>
			</NameValues>
			<NameValues>
				<Name>RC</Name>
				<Value>http://www.exchangenetwork.net/schema/RCRA/5</Value>
			</NameValues>
		</Namespaces>
	</MetaData>
	<Mapping>
		<Element>
			<Name>hdr:Document</Name>
		</Element>
		<SQL>
			SELECT Top 1 CONVERT(VARCHAR(19),GETDATE(),126) AS DATETIME FROM EX_RCRA_DATA WHERE RCRA_FLAG = '0'
		</SQL>
		<Map>
			<Element>hdr:Header/hdr:Author</Element>
			<Value type="Constant">Eric Cleckler</Value>
		</Map>
		<Map>
			<Element>hdr:Header/hdr:Organization</Element>
			<Value type="Constant">ALABAMA DEPT. OF ENVIORNMENTAL MANAGEMENT</Value>
		</Map>
		<Map>
			<Element>hdr:Header/hdr:Title</Element>
			<Value type="Constant">Handler Submission</Value>
		</Map>
		<Map>
			<Element>hdr:Header/hdr:CreationTime</Element>
			<Value>DATETIME</Value>
		</Map>
		<Map>
			<Element>hdr:Header/hdr:Comment</Element>
			<Value type="Constant">RCRA Submission</Value>
		</Map>
		<Map>
			<Element>hdr:Header/hdr:DataService</Element>
			<Value type="Constant">HandlerSubmission</Value>
		</Map>
		<Map>
			<Element>hdr:Header/hdr:ContactInfo</Element>
			<Value type="Constant">ecleckler@adem.state.al.us</Value>
		</Map>
		<Map>
			<Element>hdr:Header/hdr:Notification</Element>
			<Value type="Constant">ecleckler@adem.state.al.us</Value>
		</Map>
		<Map>
			<Element>hdr:Header/hdr:Sensitivity</Element>
			<Value type="Constant">Unclassified</Value>
		</Map>
		<Mapping>
			<Element>
				<Name>hdr:Header/hdr:Property</Name>
			</Element>
			<SQL>
				SELECT 'ONE' AS HOLDER UNION SELECT 'TWO' AS HOLDER
			</SQL>
			<Conditional>
				<if>
					<Column value="ONE">HOLDER</Column>
					<Map>
						<Element>hdr:name</Element>
						<Value type="Constant">RCRAInfoUserID</Value>
					</Map>
					<Map>
						<Element>hdr:value</Element>
						<Value type="Constant">CJW</Value>
					</Map>
				</if>
				<else>
					<Column value="TWO">HOLDER</Column>
					<Map>
						<Element>hdr:name</Element>
						<Value type="Constant">RCRAInfoStateCode</Value>
					</Map>
					<Map>
						<Element>hdr:value</Element>
						<Value type="Constant">AL</Value>
					</Map>
				</else>
			</Conditional>
		</Mapping>
		<Mapping>
			<Element>
				<Name>hdr:Payload/RC:HazardousWasteHandlerSubmission/RC:FacilitySubmission</Name>
			</Element>
			<SQL keys="HandlerID">
				SELECT HandlerID FROM EX_RCRA_DATA WHERE RCRA_FLAG = '0' and SUBMISSION_ID = @SubID@
			</SQL>
			<Map>
				<Element>RC:TransactionCode</Element>
				<Value type="Constant">A</Value>
			</Map>
			<Map>
				<Element>RC:HandlerID</Element>
				<Value>HandlerID</Value>
			</Map>
			<Map>
				<Element>RC:PublicUseExtractIndicator</Element>
				<Value type="Constant">X</Value>
			</Map>
			<Mapping>
				<Element>
					<Name>RC:Handler</Name>
				</Element>
				<SQL keys="SUBMISSION_ID">
					SELECT ROW_NUMBER() OVER (ORDER BY SUBMISSION_ID) AS SEQUENCE_NO,
					SUBMISSION_ID, HandlerID, CONVERT(VARCHAR(10),ReceiveDate,120) AS ReceiveDate,
					CONVERT(VARCHAR(10),AcknowledgeReceiptDate,120) AS AcknowledgeReceiptDate, SecondaryID,
					CONVERT(VARCHAR(10),TreatmentStorageDisposalDate,120) AS TreatmentStorageDisposalDate,
					OffsiteWasteReceiptCode,
					L_StateUSPSCode+L_CountyName AS L_CountyName, L_LocationAddressText, L_SupplementalLocation,
					L_LocalityName, L_StateUSPSCode,L_CountryName, L_LocationZipCode,
					M_MailingAddressText, M_SupplementalAddress,M_MailingAddressCityName, M_MailingAddressStateUSPSCode, M_MailingAddressCountryName,
					M_MailingAddressZipCode, C_FirstName, C_LastName, C_EmailAddress, C_TelephoneNumber,
					C_PhoneExtentionNumber, C_MailingAddressText, C_SupplementalAddress, C_MailingAddressCityName,
					C_MailingAddressStateUSPSCode, C_MailingAddressCountryName, C_MailingAddressZIPCode,
					PC_FirstName, PC_LastName, PC_EmailAddress, PC_TelephoneNumber, PC_PhoneExtentionNumber,
					PC_MailingAddressText, PC_SupplementalAddress, PC_MailingAddressCityName,
					PC_MailingAddressStateUSPSCode, PC_MailingAddressCountryName, PC_MailingAddressZipCode,
					FacilitySiteName, LandTypeCode, ImporterActivityCode, MixedWasteGeneratorCode,
					RecyclerActivityCode, TransporterActivityCode, TreatmentStorageDisposalCode,
					UndergroundInjectionCode, UniversalWasteDestinationCode, OnsiteBurnerExemptionCode,
					FurnaceExemptionCode, TransferFacilityIndicator as TransferFacilityIndicator
					FROM EX_RCRA_DATA
					WHERE RCRA_FLAG = '0' AND SUBMISSION_ID = @SubID@
				</SQL>
				<Map>
					<Element>RC:TransactionCode</Element>
					<Value type="Constant">A</Value>
				</Map>
				<Map>
					<Element>RC:ActivityLocationCode</Element>
					<Value>L_StateUSPSCode</Value>
				</Map>
				<Map>
					<Element>RC:SourceTypeCode</Element>
					<Value type="Constant">N</Value>
				</Map>
				<Map>
					<Element>RC:SourceRecordSequenceNumber</Element>
					<Value type="DBKey">SEQUENCE_NO</Value>
				</Map>
				<Conditional>
					<if>
						<Column>ReceiveDate</Column>
						<Map>
							<Element>RC:ReceiveDate</Element>
							<Value>ReceiveDate</Value>
						</Map>
						<Drop>RC:ReceiveDate</Drop>
					</if>
				</Conditional>
				<Map>
					<Element>RC:HandlerName</Element>
					<Value>FacilitySiteName</Value>
				</Map>
				<Conditional>
					<if>
						<Column>AcknowledgeReceiptDate</Column>
						<Map>
							<Element>RC:AcknowledgeReceiptDate</Element>
							<Value>AcknowledgeReceiptDate</Value>
						</Map>
						<Drop>RC:AcknowledgeReceiptDate</Drop>
					</if>
				</Conditional>
				<Conditional>
					<if>
						<Column>TreatmentStorageDisposalDate</Column>
						<Map>
							<Element>RC:TreatmentStorageDisposalDate</Element>
							<Value>TreatmentStorageDisposalDate</Value>
						</Map>
						<Drop>RC:TreatmentStorageDisposalDate</Drop>
					</if>
				</Conditional>
				<Conditional>
					<if>
						<Column value="Y">OffsiteWasteReceiptCode</Column>
						<Map>
							<Element>RC:OffsiteWasteReceiptCode</Element>
							<Value type="Constant">Y</Value>
						</Map>
					</if>
					<else>
						<Map>
							<Element>RC:OffsiteWasteReceiptCode</Element>
							<Value type="Constant">N</Value>
						</Map>
					</else>
				</Conditional>

				<Map>
					<Element>RC:CountyCodeOwner</Element>
					<Value type="Constant">HQ</Value>
				</Map>
				Check whether or not this should pull the FIPS Code from somewhere
				<Map>
					<Element>RC:CountyCode</Element>
					<Value type="DBKey">CountyCode</Value>
				</Map>
				<Map>
					<Element>RC:LocationAddress/RC:LocationAddressText</Element>
					<Value>L_LocationAddressText</Value>
				</Map>
				<Map>
					<Element>RC:LocationAddress/RC:SupplementalLocationText</Element>
					<Value>L_SupplementalLocation</Value>
				</Map>
				<Map>
					<Element>RC:LocationAddress/RC:LocalityName</Element>
					<Value>L_LocalityName</Value>
				</Map>
				<Map>
					<Element>RC:LocationAddress/RC:StateUSPSCode</Element>
					<Value>L_StateUSPSCode</Value>
				</Map>
				<Map>
					<Element>RC:LocationAddress/RC:CountryName</Element>
					<Value>L_CountryName</Value>
				</Map>
				<Map>
					<Element>RC:LocationAddress/RC:LocationZIPCode</Element>
					<Value>L_LocationZipCode</Value>
				</Map>
				<Map>
					<Element>RC:MailingAddress/RC:MailingAddressText</Element>
					<Value>M_MailingAddressText</Value>
				</Map>
				<Map>
					<Element>RC:MailingAddress/RC:SupplementalAddressText</Element>
					<Value>M_SupplementalAddress</Value>
				</Map>
				<Map>
					<Element>RC:MailingAddress/RC:MailingAddressCityName</Element>
					<Value>M_MailingAddressCityName</Value>
				</Map>
				<Conditional>
					<if>
						<Column>M_MailingAddressStateUSPSCode</Column>
						<Map>
							<Element>RC:MailingAddress/RC:MailingAddressStateUSPSCode</Element>
							<Value>M_MailingAddressStateUSPSCode</Value>
						</Map>
						<Drop>RC:MailingAddress/RC:MailingAddressStateUSPSCode</Drop>
					</if>
				</Conditional>
				<Map>
					<Element>RC:MailingAddress/RC:MailingAddressCountryName</Element>
					<Value>M_MailingAddressCountryName</Value>
				</Map>
				<Map>
					<Element>RC:MailingAddress/RC:MailingAddressZIPCode</Element>
					<Value>M_MailingAddressZipCode</Value>
				</Map>
				<Map>
					<Element>RC:ContactAddress/RC:Contact/RC:FirstName</Element>
					<Value>C_FirstName</Value>
				</Map>
				<Map>
					<Element>RC:ContactAddress/RC:Contact/RC:LastName</Element>
					<Value>C_LastName</Value>
				</Map>
				<Map>
					<Element>RC:ContactAddress/RC:Contact/RC:EmailAddressText</Element>
					<Value>C_EmailAddress</Value>
				</Map>
				<Map>
					<Element>RC:ContactAddress/RC:Contact/RC:TelephoneNumberText</Element>
					<Value>C_TelephoneNumber</Value>
				</Map>
				<Map>
					<Element>RC:ContactAddress/RC:Contact/RC:PhoneExtensionText</Element>
					<Value>C_PhoneExtentionNumber</Value>
				</Map>
				<Map>
					<Element>RC:ContactAddress/RC:MailingAddress/RC:MailingAddressText</Element>
					<Value>C_MailingAddressText</Value>
				</Map>
				<Map>
					<Element>RC:ContactAddress/RC:MailingAddress/RC:SupplementalAddressText</Element>
					<Value>C_SupplementalAddress</Value>
				</Map>
				<Map>
					<Element>RC:ContactAddress/RC:MailingAddress/RC:MailingAddressCityName</Element>
					<Value>C_MailingAddressCityName</Value>
				</Map>
				<Conditional>
					<if>
						<Column>C_MailingAddressStateUSPSCode</Column>
						<Map>
							<Element>RC:ContactAddress/RC:MailingAddress/RC:MailingAddressStateUSPSCode</Element>
							<Value>C_MailingAddressStateUSPSCode</Value>
						</Map>
						<Drop>RC:ContactAddress/RC:MailingAddress/RC:MailingAddressStateUSPSCode</Drop>
					</if>
				</Conditional>
				<Map>
					<Element>RC:ContactAddress/RC:MailingAddress/RC:MailingAddressCountryName</Element>
					<Value>C_MailingAddressCountryName</Value>
				</Map>
				<Map>
					<Element>RC:ContactAddress/RC:MailingAddress/RC:MailingAddressZIPCode</Element>
					<Value>C_MailingAddressZIPCode</Value>
				</Map>
				<Map>
					<Element>RC:PermitContactAddress/RC:Contact/RC:FirstName</Element>
					<Value>PC_FirstName</Value>
				</Map>
				<Map>
					<Element>RC:PermitContactAddress/RC:Contact/RC:LastName</Element>
					<Value>PC_LastName</Value>
				</Map>
				<Map>
					<Element>RC:PermitContactAddress/RC:Contact/RC:EmailAddressText</Element>
					<Value>PC_EmailAddress</Value>
				</Map>
				<Map>
					<Element>RC:PermitContactAddress/RC:Contact/RC:TelephoneNumberText</Element>
					<Value>PC_TelephoneNumber</Value>
				</Map>
				<Map>
					<Element>RC:PermitContactAddress/RC:Contact/RC:PhoneExtensionText</Element>
					<Value>PC_PhoneExtentionNumber</Value>
				</Map>
				<Map>
					<Element>RC:PermitContactAddress/RC:MailingAddress/RC:MailingAddressText</Element>
					<Value>PC_MailingAddressText</Value>
				</Map>
				<Map>
					<Element>RC:PermitContactAddress/RC:MailingAddress/RC:SupplementalAddressText</Element>
					<Value>PC_SupplementalAddress</Value>
				</Map>
				<Map>
					<Element>RC:PermitContactAddress/RC:MailingAddress/RC:MailingAddressCityName</Element>
					<Value>PC_MailingAddressCityName</Value>
				</Map>
				<Conditional>
					<if>
						<Column>PC_MailingAddressStateUSPSCode</Column>
						<Map>
							<Element>RC:PermitContactAddress/RC:MailingAddress/RC:MailingAddressStateUSPSCode</Element>
							<Value>PC_MailingAddressStateUSPSCode</Value>
						</Map>
						<Drop>RC:PermitContactAddress/RC:MailingAddress/RC:MailingAddressStateUSPSCode</Drop>
					</if>
				</Conditional>
				<Map>
					<Element>RC:PermitContactAddress/RC:MailingAddress/RC:MailingAddressCountryName</Element>
					<Value>PC_MailingAddressCountryName</Value>
				</Map>
				<Map>
					<Element>RC:PermitContactAddress/RC:MailingAddress/RC:MailingAddressZIPCode</Element>
					<Value>PC_MailingAddressZipCode</Value>
				</Map>
				<Mapping>
					<Element>
						<Name>RC:UsedOil</Name>
					</Element>
					<SQL>
						SELECT * FROM EX_RCRA_DATA_HANDLER_USED_OIL WHERE SUBMISSION_ID = @SUBMISSION_ID@
					</SQL>
					<Conditional>
						<if>
							<Column value="Y">FuelBurnerCode</Column>
							<Map>
								<Element>RC:FuelBurnerCode</Element>
								<Value type="Constant">Y</Value>
							</Map>
						</if>
						<else>
							<Map>
								<Element>RC:FuelBurnerCode</Element>
								<Value type="Constant">N</Value>
							</Map>
						</else>
					</Conditional>
					<Conditional>
						<if>
							<Column value="Y">ProcessorCode</Column>
							<Map>
								<Element>RC:ProcessorCode</Element>
								<Value type="Constant">Y</Value>
							</Map>
						</if>
						<else>
							<Map>
								<Element>RC:ProcessorCode</Element>
								<Value type="Constant">N</Value>
							</Map>
						</else>
					</Conditional>
					<Conditional>
						<if>
							<Column value="Y">RefinerCode</Column>
							<Map>
								<Element>RC:RefinerCode</Element>
								<Value type="Constant">Y</Value>
							</Map>
						</if>
						<else>
							<Map>
								<Element>RC:RefinerCode</Element>
								<Value type="Constant">N</Value>
							</Map>
						</else>
					</Conditional>
					<Conditional>
						<if>
							<Column value="Y">MarketBurnerCode</Column>
							<Map>
								<Element>RC:MarketBurnerCode</Element>
								<Value type="Constant">Y</Value>
							</Map>
						</if>
						<else>
							<Map>
								<Element>RC:MarketBurnerCode</Element>
								<Value type="Constant">N</Value>
							</Map>
						</else>
					</Conditional>
					<Conditional>
						<if>
							<Column value="Y">SpecificationMarketerCode</Column>
							<Map>
								<Element>RC:SpecificationMarketerCode</Element>
								<Value type="Constant">Y</Value>
							</Map>
						</if>
						<else>
							<Map>
								<Element>RC:SpecificationMarketerCode</Element>
								<Value type="Constant">N</Value>
							</Map>
						</else>
					</Conditional>
					<Conditional>
						<if>
							<Column value="Y">TransferFacilityCode</Column>
							<Map>
								<Element>RC:TransferFacilityCode</Element>
								<Value type="Constant">Y</Value>
							</Map>
						</if>
						<else>
							<Map>
								<Element>RC:TransferFacilityCode</Element>
								<Value type="Constant">N</Value>
							</Map>
						</else>
					</Conditional>
					<Conditional>
						<if>
							<Column value="Y">TransporterCode</Column>
							<Map>
								<Element>RC:TransporterCode</Element>
								<Value type="Constant">Y</Value>
							</Map>
						</if>
						<else>
							<Map>
								<Element>RC:TransporterCode</Element>
								<Value type="Constant">N</Value>
							</Map>
						</else>
					</Conditional>
				</Mapping>
				<!--<Map>
					<Element>RC:WasteActivitySite/RC:FacilitySiteName</Element>
					<Value>FacilitySiteName</Value>
				</Map>-->
				<Map>
					<Element>RC:WasteActivitySite/RC:LandTypeCode</Element>
					<Value>LandTypeCode</Value>
				</Map>
				<Conditional>
					<if>
						<Column value="Y">ImporterActivityCode</Column>
						<Map>
							<Element>RC:WasteActivitySite/RC:ImporterActivityCode</Element>
							<Value type="Constant">Y</Value>
						</Map>
					</if>
					<else>
						<Map>
							<Element>RC:WasteActivitySite/RC:ImporterActivityCode</Element>
							<Value type="Constant">N</Value>
						</Map>
					</else>
				</Conditional>
				<Conditional>
					<if>
						<Column value="Y">MixedWasteGeneratorCode</Column>
						<Map>
							<Element>RC:WasteActivitySite/RC:MixedWasteGeneratorCode</Element>
							<Value type="Constant">Y</Value>
						</Map>
					</if>
					<else>
						<Map>
							<Element>RC:WasteActivitySite/RC:MixedWasteGeneratorCode</Element>
							<Value type="Constant">N</Value>
						</Map>
					</else>
				</Conditional>
				<Conditional>
					<if>
						<Column value="Y">RecyclerActivityCode</Column>
						<Map>
							<Element>RC:WasteActivitySite/RC:RecyclerActivityCode</Element>
							<Value type="Constant">Y</Value>
						</Map>
					</if>
					<else>
						<Map>
							<Element>RC:WasteActivitySite/RC:RecyclerActivityCode</Element>
							<Value type="Constant">N</Value>
						</Map>
					</else>
				</Conditional>
				<Conditional>
					<if>
						<Column value="Y">TransporterActivityCode</Column>
						<Map>
							<Element>RC:WasteActivitySite/RC:TransporterActivityCode</Element>
							<Value type="Constant">Y</Value>
						</Map>
					</if>
					<else>
						<Map>
							<Element>RC:WasteActivitySite/RC:TransporterActivityCode</Element>
							<Value type="Constant">N</Value>
						</Map>
					</else>
				</Conditional>
				<Conditional>
					<if>
						<Column value="Y">TreatmentStorageDisposalCode</Column>
						<Map>
							<Element>RC:WasteActivitySite/RC:TreatmentStorageDisposalActivityCode</Element>
							<Value type="Constant">Y</Value>
						</Map>
					</if>
					<else>
						<Map>
							<Element>RC:WasteActivitySite/RC:TreatmentStorageDisposalActivityCode</Element>
							<Value type="Constant">N</Value>
						</Map>
					</else>
				</Conditional>
				<Conditional>
					<if>
						<Column value="Y">UndergroundInjectionCode</Column>
						<Map>
							<Element>RC:WasteActivitySite/RC:UndergroundInjectionActivityCode</Element>
							<Value type="Constant">Y</Value>
						</Map>
					</if>
					<else>
						<Map>
							<Element>RC:WasteActivitySite/RC:UndergroundInjectionActivityCode</Element>
							<Value type="Constant">N</Value>
						</Map>
					</else>
				</Conditional>
				<Conditional>
					<if>
						<Column value="Y">UniversalWasteDestinationCode</Column>
						<Map>
							<Element>RC:WasteActivitySite/RC:UniversalWasteDestinationFacilityIndicator</Element>
							<Value type="Constant">Y</Value>
						</Map>
					</if>
					<else>
						<Map>
							<Element>RC:WasteActivitySite/RC:UniversalWasteDestinationFacilityIndicator</Element>
							<Value type="Constant">N</Value>
						</Map>
					</else>
				</Conditional>
				<Conditional>
					<if>
						<Column value="Y">OnsiteBurnerExemptionCode</Column>
						<Map>
							<Element>RC:WasteActivitySite/RC:OnsiteBurnerExemptionCode</Element>
							<Value type="Constant">Y</Value>
						</Map>
					</if>
					<else>
						<Map>
							<Element>RC:WasteActivitySite/RC:OnsiteBurnerExemptionCode</Element>
							<Value type="Constant">N</Value>
						</Map>
					</else>
				</Conditional>
				<Conditional>
					<if>
						<Column value="Y">FurnaceExemptionCode</Column>
						<Map>
							<Element>RC:WasteActivitySite/RC:FurnaceExemptionCode</Element>
							<Value type="Constant">Y</Value>
						</Map>
					</if>
					<else>
						<Map>
							<Element>RC:WasteActivitySite/RC:FurnaceExemptionCode</Element>
							<Value type="Constant">N</Value>
						</Map>
					</else>
				</Conditional>
				<Map>
					<Element>RC:WasteActivitySite/RC:ShortTermGeneratorIndicator</Element>
					<Value type="Constant">N</Value>
				</Map>
				<Conditional>
					<if>
						<Column value="Y">TransferFacilityIndicator</Column>
						<Map>
							<Element>RC:WasteActivitySite/RC:TransferFacilityIndicator</Element>
							<Value type="Constant">Y</Value>
						</Map>
					</if>
					<else>
						<Map>
							<Element>RC:WasteActivitySite/RC:TransferFacilityIndicator</Element>
							<Value type="Constant">N</Value>
						</Map>
					</else>
				</Conditional>
				<Mapping>
					<Element>
						<Name>RC:StateWasteGenerator</Name>
					</Element>
					<SQL>
						SELECT
						A.WasteGeneratorStatusCode,
						B.O_OrganizationFormalName
						FROM
						EX_RCRA_DATA_HANDLER_STATE_WASTE_CD A INNER JOIN EX_RCRA_DATA_HANDLER_OWNER_OPERATOR B
						ON A.SUBMISSION_ID = B.SUBMISSION_ID
						WHERE
						A.SUBMISSION_ID = @SUBMISSION_ID@
					</SQL>
					<Map>
						<Element>RC:WasteGeneratorOwnerName</Element>
						<Value type="Constant">AL</Value>
					</Map>
					<Conditional>
						<if>
							<Column>WasteGeneratorStatusCode</Column>
							<Map>
								<Element>RC:WasteGeneratorStatusCode</Element>
								<Value>WasteGeneratorStatusCode</Value>
							</Map>
							<Drop>RC:WasteGeneratorStatusCode</Drop>
						</if>
					</Conditional>
				</Mapping>
				<Mapping>
					<Element>
						<Name>RC:FederalWasteGenerator</Name>
					</Element>
					<SQL>
						SELECT
						WasteGeneratorStatusCode
						FROM
						EX_RCRA_DATA_HANDLER_FED_WASTE_CD
						WHERE
						SUBMISSION_ID = @SUBMISSION_ID@
					</SQL>
					<Map>
						<Element>RC:WasteGeneratorOwnerName</Element>
						<Value type="Constant">HQ</Value>
					</Map>
					<Conditional>
						<if>
							<Column>WasteGeneratorStatusCode</Column>
							<Map>
								<Element>RC:WasteGeneratorStatusCode</Element>
								<Value>WasteGeneratorStatusCode</Value>
							</Map>
							<Drop>RC:WasteGeneratorStatusCode</Drop>
						</if>
					</Conditional>
				</Mapping>
				<Mapping mandatory="false" remove="RC:LaboratoryHazardousWaste">
					<Element>
						<Name>RC:LaboratoryHazardousWaste</Name>
					</Element>
					<SQL>
						SELECT * FROM EX_RCRA_DATA WHERE SUBMISSION_ID = -1
					</SQL>
				</Mapping>
				<Mapping>
					<Element>
						<Name>RC:Certification</Name>
					</Element>
					<SQL>
						SELECT
						ROW_NUMBER() OVER (ORDER BY SUBMISSION_ID) AS ROWID,
						CONVERT(VARCHAR(10),CC_SignedDate,120) AS CC_SignedDate, CC_Title, CC_FirstName,
						CC_MiddleInitial, CC_LastName
						FROM
						EX_RCRA_DATA
						WHERE
						SUBMISSION_ID = @SUBMISSION_ID@
					</SQL>
					<Map>
						<Element>RC:TransactionCode</Element>
						<Value type="Constant">A</Value>
					</Map>
					<Map>
						<Element>RC:CertificationSequenceNumber</Element>
						<Value>ROWID</Value>
					</Map>
					<Conditional>
						<if>
							<Column>CC_SignedDate</Column>
							<Map>
								<Element>RC:SignedDate</Element>
								<Value>CC_SignedDate</Value>
							</Map>
							<Drop>RC:SignedDate</Drop>
						</if>
					</Conditional>
					<Map>
						<Element>RC:IndividualTitleText</Element>
						<Value type="Constant">Mr.</Value>
					</Map>
					<Map>
						<Element>RC:FirstName</Element>
						<Value type="Constant">Eric</Value>
					</Map>
					<Map>
						<Element>RC:MiddleInitial</Element>
						<Value>CC_MiddleInitial</Value>
					</Map>
					<Map>
						<Element>RC:LastName</Element>
						<Value type="Constant">Cleckler</Value>
					</Map>
				</Mapping>
				<Mapping mandatory="false" remove="RC:HazardousSecondaryMaterial">
					<Element>
						<Name>RC:HazardousSecondaryMaterial</Name>
					</Element>
					<SQL>
						SELECT * FROM EX_RCRA_DATA WHERE SUBMISSION_ID = -1
					</SQL>
				</Mapping>
				<!--<Mapping>
					<Element>
						<Name>RC:NAICSIdentity</Name>
					</Element>
					<SQL>
						SELECT
						NAICSCode_1 AS NAICSCode, ROW_NUMBER() OVER (ORDER BY SUBMISSION_ID) AS SEQUENCE_NO
						FROM
						EX_RCRA_DATA
						WHERE
						SUBMISSION_ID = @SUBMISSION_ID@
						UNION
						SELECT
						NAICSCode_2 AS NAICSCode, ROW_NUMBER() OVER (ORDER BY SUBMISSION_ID) AS SEQUENCE_NO
						FROM
						EX_RCRA_DATA
						WHERE
						SUBMISSION_ID = @SUBMISSION_ID@
						UNION
						SELECT
						NAICSCode_3 AS NAICSCode, ROW_NUMBER() OVER (ORDER BY SUBMISSION_ID) AS SEQUENCE_NO
						FROM
						EX_RCRA_DATA
						WHERE
						SUBMISSION_ID = @SUBMISSION_ID@
						UNION
						SELECT
						NAICSCode_4 AS NAICSCode, ROW_NUMBER() OVER (ORDER BY SUBMISSION_ID) AS SEQUENCE_NO
						FROM
						EX_RCRA_DATA
						WHERE
						SUBMISSION_ID = @SUBMISSION_ID@
						UNION
						SELECT
						NAICSCode_5 AS NAICSCode, ROW_NUMBER() OVER (ORDER BY SUBMISSION_ID) AS SEQUENCE_NO
						FROM
						EX_RCRA_DATA
						WHERE
						SUBMISSION_ID = @SUBMISSION_ID@
					</SQL>
					<Map>
						<Element>RC:TransactionCode</Element>
						<Value type="Constant">A</Value>
					</Map>
					<Map>
						<Element>RC:NAICSSequenceNumber</Element>
						<Value>SEQUENCE_NO</Value>
					</Map>
					<Map>
						<Element>RC:NAICSOwnerCode</Element>
						<Value type="Constant">HQ</Value>
					</Map>
					<Map>
						<Element>RC:NAICSCode</Element>
						<Value>NAICSCode</Value>
					</Map>
				</Mapping>-->
				<!--<Mapping mandatory="false" remove="RC:NAICSIdentity">
					<Element>
						<Name>RC:NAICSIdentity</Name>
					</Element>
					<SQL>
						SELECT * FROM EX_RCRA_DATA WHERE SUBMISSION_ID = -1
					</SQL>
				</Mapping>-->
				<Mapping>
					<Element>
						<Name>RC:FacilityOwnerOperator[1]</Name>
					</Element>
					<SQL>
						SELECT
						sequence_id, SUBMISSION_ID, LTRIM(RTRIM(OwnerOperatorTypeCode)) AS OwnerOperatorTypeCode,
						O_FirstName, O_LastName, O_EmailAddress, O_TelephoneNumber, O_PhoneExtentionNumber,
						O_MailingAddressText, O_SupplementalAddress, O_MailingAddressStateUSPSCode,
						O_MailingAddressCountryName, O_MailingAddressZipCode,
						CONVERT(VARCHAR(10),GETDATE(),120) AS CURRENTDATE, Null as ENDDATE
						FROM
						EX_RCRA_DATA_HANDLER_OWNER_OPERATOR
						WHERE
						SUBMISSION_ID = @SUBMISSION_ID@
					</SQL>
					<Map>
						<Element>RC:TransactionCode</Element>
						<Value type="Constant">A</Value>
					</Map>
					<Map>
						<Element>RC:OwnerOperatorSequenceNumber</Element>
						<Value>SEQUENCE_ID</Value>
					</Map>
					<Map>
						<Element>RC:OwnerOperatorIndicator</Element>
						<Value type="Constant">CO</Value>
					</Map>
					<Map>
						<Element>RC:OwnerOperatorTypeCode</Element>
						<Value type="Constant">O</Value>
					</Map>
					<Map>
						<Element>RC:CurrentStartDate</Element>
						<Value>CURRENTDATE</Value>
					</Map>
					<Conditional>
						<if>
							<Column>ENDDATE</Column>
							<Map>
								<Element>RC:CurrentEndDate</Element>
								<Value>ENDDATE</Value>
							</Map>
							<Drop>RC:CurrentEndDate</Drop>
						</if>
					</Conditional>
					<Map>
						<Element>RC:ContactAddress/RC:Contact/RC:FirstName</Element>
						<Value>O_FirstName</Value>
					</Map>
					<Map>
						<Element>RC:ContactAddress/RC:Contact/RC:LastName</Element>
						<Value>O_LastName</Value>
					</Map>
					<Map>
						<Element>RC:ContactAddress/RC:Contact/RC:EmailAddressText</Element>
						<Value>O_EmailAddress</Value>
					</Map>
					<Map>
						<Element>RC:ContactAddress/RC:Contact/RC:TelephoneNumberText</Element>
						<Value>O_TelephoneNumber</Value>
					</Map>
					<Map>
						<Element>RC:ContactAddress/RC:Contact/RC:PhoneExtensionText</Element>
						<Value>O_PhoneExtentionNumber</Value>
					</Map>
					<Map>
						<Element>RC:ContactAddress/RC:MailingAddress/RC:MailingAddressText</Element>
						<Value>O_MailingAddressText</Value>
					</Map>
					<Map>
						<Element>RC:ContactAddress/RC:MailingAddress/RC:SupplementalAddressText</Element>
						<Value>O_SupplementalAddress</Value>
					</Map>
					<Conditional>
						<if>
							<Column>O_MailingAddressStateUSPSCode</Column>
							<Map>
								<Element>RC:ContactAddress/RC:MailingAddress/RC:MailingAddressStateUSPSCode</Element>
								<Value>O_MailingAddressStateUSPSCode</Value>
							</Map>
							<Drop>RC:ContactAddress/RC:MailingAddress/RC:MailingAddressStateUSPSCode</Drop>
						</if>
					</Conditional>
					<Map>
						<Element>RC:ContactAddress/RC:MailingAddress/RC:MailingAddressCountryName</Element>
						<Value>O_MailingAddressCountryName</Value>
					</Map>
					<Map>
						<Element>RC:ContactAddress/RC:MailingAddress/RC:MailingAddressZIPCode</Element>
						<Value>O_MailingAddressZipCode</Value>
					</Map>
				</Mapping>
				<Mapping>
					<Element>
						<Name>RC:FacilityOwnerOperator[2]</Name>
					</Element>
					<SQL>
						SELECT
						sequence_id, SUBMISSION_ID, LTRIM(RTRIM(OwnerOperatorTypeCode)) AS OwnerOperatorTypeCode,
						O_FirstName, O_LastName, O_EmailAddress, O_TelephoneNumber, O_PhoneExtentionNumber,
						O_MailingAddressText, O_SupplementalAddress, O_MailingAddressStateUSPSCode,
						O_MailingAddressCountryName, O_MailingAddressZipCode,
						CONVERT(VARCHAR(10),GETDATE(),120) AS CURRENTDATE, Null as ENDDATE
						FROM
						EX_RCRA_DATA_HANDLER_OWNER_OPERATOR
						WHERE
						SUBMISSION_ID = @SUBMISSION_ID@
					</SQL>
					<Map>
						<Element>RC:TransactionCode</Element>
						<Value type="Constant">A</Value>
					</Map>
					<Map>
						<Element>RC:OwnerOperatorSequenceNumber</Element>
						<Value>SEQUENCE_ID</Value>
					</Map>
					<Map>
						<Element>RC:OwnerOperatorIndicator</Element>
						<Value type="Constant">CP</Value>
					</Map>
					<Map>
						<Element>RC:OwnerOperatorTypeCode</Element>
						<Value type="Constant">O</Value>
					</Map>
					<Map>
						<Element>RC:CurrentStartDate</Element>
						<Value>CURRENTDATE</Value>
					</Map>
					<Conditional>
						<if>
							<Column>ENDDATE</Column>
							<Map>
								<Element>RC:CurrentEndDate</Element>
								<Value>ENDDATE</Value>
							</Map>
							<Drop>RC:CurrentEndDate</Drop>
						</if>
					</Conditional>
					<Map>
						<Element>RC:ContactAddress/RC:Contact/RC:FirstName</Element>
						<Value>O_FirstName</Value>
					</Map>
					<Map>
						<Element>RC:ContactAddress/RC:Contact/RC:LastName</Element>
						<Value>O_LastName</Value>
					</Map>
					<Map>
						<Element>RC:ContactAddress/RC:Contact/RC:EmailAddressText</Element>
						<Value>O_EmailAddress</Value>
					</Map>
					<Map>
						<Element>RC:ContactAddress/RC:Contact/RC:TelephoneNumberText</Element>
						<Value>O_TelephoneNumber</Value>
					</Map>
					<Map>
						<Element>RC:ContactAddress/RC:Contact/RC:PhoneExtensionText</Element>
						<Value>O_PhoneExtentionNumber</Value>
					</Map>
					<Map>
						<Element>RC:ContactAddress/RC:MailingAddress/RC:MailingAddressText</Element>
						<Value>O_MailingAddressText</Value>
					</Map>
					<Map>
						<Element>RC:ContactAddress/RC:MailingAddress/RC:SupplementalAddressText</Element>
						<Value>O_SupplementalAddress</Value>
					</Map>
					<Conditional>
						<if>
							<Column>O_MailingAddressStateUSPSCode</Column>
							<Map>
								<Element>RC:ContactAddress/RC:MailingAddress/RC:MailingAddressStateUSPSCode</Element>
								<Value>O_MailingAddressStateUSPSCode</Value>
							</Map>
							<Drop>RC:ContactAddress/RC:MailingAddress/RC:MailingAddressStateUSPSCode</Drop>
						</if>
					</Conditional>
					<Map>
						<Element>RC:ContactAddress/RC:MailingAddress/RC:MailingAddressCountryName</Element>
						<Value>O_MailingAddressCountryName</Value>
					</Map>
					<Map>
						<Element>RC:ContactAddress/RC:MailingAddress/RC:MailingAddressZIPCode</Element>
						<Value>O_MailingAddressZipCode</Value>
					</Map>
				</Mapping>
				<Mapping mandatory="false" remove="RC:EnvironmentalPermit">
					<Element>
						<Name>RC:EnvironmentalPermit</Name>
					</Element>
					<SQL>
						SELECT * FROM EX_RCRA_DATA WHERE SUBMISSION_ID = -1
					</SQL>
				</Mapping>
				<Mapping mandatory="false" remove="RC:StateActivity">
					<Element>
						<Name>RC:StateActivity</Name>
					</Element>
					<SQL>
						SELECT * FROM EX_RCRA_DATA WHERE SUBMISSION_ID = -1
					</SQL>
				</Mapping>
				<Mapping mandatory="false" remove="RC:HandlerUniversalWaste">
					<Element>
						<Name>RC:HandlerUniversalWaste</Name>
					</Element>
					<SQL>
						SELECT
						LTRIM(RTRIM(A.UniversalWasteTypeCode)) AS WasteTypeCode,
						LTRIM(RTRIM(A.AccumulatedWasteCode)) AS AccumulatedWasteCode,
						LTRIM(RTRIM(A.GeneratedHandlerCode)) AS GeneratedHandlerCode
						FROM
						EX_RCRA_DATA_HANDLER_UNIVERSAL_WASTE A
						WHERE
						A.SUBMISSION_ID = @SUBMISSION_ID@
					</SQL>
					<Map>
						<Element>RC:TransactionCode</Element>
						<Value type="Constant">A</Value>
					</Map>
					<Map>
						<Element>RC:UniversalWasteOwnerName</Element>
						<Value type="Constant">HQ</Value>
					</Map>
					<Conditional>
						<if>
							<Column>WasteTypeCode</Column>
							<Map>
								<Element>RC:UniversalWasteTypeCode</Element>
								<Value>WasteTypeCode</Value>
							</Map>
							<Drop>RC:UniversalWasteTypeCode</Drop>
						</if>
					</Conditional>
					<Map>
						<Element>RC:AccumulatedWasteCode</Element>
						<Value>AccumulatedWasteCode</Value>
					</Map>
					<Map>
						<Element>RC:GeneratedHandlerCode</Element>
						<Value>GeneratedHandlerCode</Value>
					</Map>
				</Mapping>
				<Mapping mandatory="false" remove="RC:HandlerWasteCodeDetails">
					<Element>
						<Name>RC:HandlerWasteCodeDetails</Name>
					</Element>
					<SQL>
						SELECT * FROM EX_RCRA_DATA WHERE SUBMISSION_ID = -1
					</SQL>
				</Mapping>				
			</Mapping>
			<Mapping mandatory="false" remove="RC:OtherID">
				<Element>
					<Name>RC:OtherID</Name>
				</Element>
				<SQL>
					SELECT * FROM EX_RCRA_DATA WHERE SUBMISSION_ID = -1
				</SQL>
			</Mapping>
		</Mapping>
	</Mapping>
</MappingScript>