<?xml version="1.0" encoding="UTF-8"?>
<hdr:Document xmlns:hdr="http://www.exchangenetwork.net/schema/v1.0/ExchangeNetworkDocument.xsd" xmlns:ds="http://www.w3.org/2000/09/xmldsig#" xmlns:xsi="http://www.w3.org/2001/XMLSchema-instance" xsi:schemaLocation="http://www.exchangenetwork.net/schema/v1.0/ExchangeNetworkDocument.xsd http://www.exchangenetwork.net/schema/v1.0/ExchangeNetworkDocument.xsd" Id="">
	<hdr:Header>
		<hdr:Author/>
		<hdr:Organization/>
		<hdr:Title/>
		<hdr:CreationTime/>
		<hdr:Comment/>
		<hdr:DataService/>
		<hdr:ContactInfo/>
		<hdr:Notification/>
		<hdr:Sensitivity/>
		<hdr:Property>
			<hdr:name/>
			<hdr:value/>
		</hdr:Property>
	</hdr:Header>
	<hdr:Payload Operation="RCRA-Transactional|HD">
		<RC:HazardousWasteHandlerSubmission xmlns:RC="http://www.exchangenetwork.net/schema/RCRA/5" xmlns:xsi="http://www.w3.org/2001/XMLSchema-instance" xsi:schemaLocation="http://www.exchangenetwork.net/schema/RCRA/5 http://www.exchangenetwork.net/schema/RCRA/5/1/RCRA_HazardousWasteHandlerSubmission_v5.1_draft.xsd">
			<RC:FacilitySubmission>
				<RC:TransactionCode/>
				<RC:HandlerID/>
				<RC:PublicUseExtractIndicator/>
				<RC:FacilityRegistryID/>
				<RC:Handler>
					<RC:TransactionCode/>
					<RC:ActivityLocationCode/>
					<RC:SourceTypeCode/>
					<RC:SourceRecordSequenceNumber/>
					<RC:ReceiveDate/>
					<RC:HandlerName/>
					<RC:AcknowledgeReceiptDate/>
					<RC:NonNotifierIndicator/>
					<RC:TreatmentStorageDisposalDate/>
					<RC:OffsiteWasteReceiptCode/>
					<RC:AccessibilityCode/>
					<RC:CountyCodeOwner/>
					<RC:CountyCode/>
					<RC:HandlerSupplementalInformationText/>
					<RC:LocationAddress>
						<RC:LocationAddressText/>
						<RC:SupplementalLocationText/>
						<RC:LocalityName/>
						<RC:StateUSPSCode/>
						<RC:CountryName/>
						<RC:LocationZIPCode/>
					</RC:LocationAddress>
					<RC:MailingAddress>
						<RC:MailingAddressText/>
						<RC:SupplementalAddressText/>
						<RC:MailingAddressCityName/>
						<RC:MailingAddressStateUSPSCode/>
						<RC:MailingAddressCountryName/>
						<RC:MailingAddressZIPCode/>
					</RC:MailingAddress>
					<RC:ContactAddress>
						<RC:Contact>
							<RC:FirstName/>
							<RC:MiddleInitial/>
							<RC:LastName/>
							<RC:IndividualTitleText/>
							<RC:EmailAddressText/>
							<RC:TelephoneNumberText/>
							<RC:PhoneExtensionText/>
							<RC:FaxNumberText/>
						</RC:Contact>
						<RC:MailingAddress>
							<RC:MailingAddressText/>
							<RC:SupplementalAddressText/>
							<RC:MailingAddressCityName/>
							<RC:MailingAddressStateUSPSCode/>
							<RC:MailingAddressCountryName/>
							<RC:MailingAddressZIPCode/>
						</RC:MailingAddress>
					</RC:ContactAddress>
					<RC:PermitContactAddress>
						<RC:Contact>
							<RC:FirstName/>
							<RC:MiddleInitial/>
							<RC:LastName/>
							<RC:IndividualTitleText/>
							<RC:EmailAddressText/>
							<RC:TelephoneNumberText/>
							<RC:PhoneExtensionText/>
							<RC:FaxNumberText/>
						</RC:Contact>
						<RC:MailingAddress>
							<RC:MailingAddressText/>
							<RC:SupplementalAddressText/>
							<RC:MailingAddressCityName/>
							<RC:MailingAddressStateUSPSCode/>
							<RC:MailingAddressCountryName/>
							<RC:MailingAddressZIPCode/>
						</RC:MailingAddress>
					</RC:PermitContactAddress>
					<RC:UsedOil>
						<RC:FuelBurnerCode/>
						<RC:ProcessorCode/>
						<RC:RefinerCode/>
						<RC:MarketBurnerCode/>
						<RC:SpecificationMarketerCode/>
						<RC:TransferFacilityCode/>
						<RC:TransporterCode/>
					</RC:UsedOil>
					<RC:WasteActivitySite>
						<RC:LandTypeCode/>
						<RC:StateDistrictOwnerName/>
						<RC:StateDistrictCode/>
						<RC:ImporterActivityCode/>
						<RC:MixedWasteGeneratorCode/>
						<RC:RecyclerActivityCode/>
						<RC:TransporterActivityCode/>
						<RC:TreatmentStorageDisposalActivityCode/>
						<RC:UndergroundInjectionActivityCode/>
						<RC:UniversalWasteDestinationFacilityIndicator/>
						<RC:OnsiteBurnerExemptionCode/>
						<RC:FurnaceExemptionCode/>
						<RC:ShortTermGeneratorIndicator/>
						<RC:TransferFacilityIndicator/>
					</RC:WasteActivitySite>
					<RC:StateWasteGenerator>
						<RC:WasteGeneratorOwnerName>AL</RC:WasteGeneratorOwnerName>
						<RC:WasteGeneratorStatusCode>3</RC:WasteGeneratorStatusCode>
					</RC:StateWasteGenerator>
					<RC:FederalWasteGenerator>
						<RC:WasteGeneratorOwnerName>HQ</RC:WasteGeneratorOwnerName>
						<RC:WasteGeneratorStatusCode>N</RC:WasteGeneratorStatusCode>
					</RC:FederalWasteGenerator>
					<RC:LaboratoryHazardousWaste>
						<RC:CollegeIndicator/>
						<RC:HospitalIndicator/>
						<RC:NonProfitIndicator/>
						<RC:WithdrawalIndicator/>
					</RC:LaboratoryHazardousWaste>
					<RC:HazardousSecondaryMaterial>
						<RC:TransactionCode/>
						<RC:NotificationReasonCode/>
						<RC:EffectiveDate/>
						<RC:FinancialAssuranceIndicator/>
						<RC:HazardousSecondaryMaterialActivity>
							<RC:TransactionCode/>
							<RC:HSMSequenceNumber/>
							<RC:FacilityCodeOwnerName/>
							<RC:FacilityTypeCode/>
							<RC:EstimatedShortTonsQuantity/>
							<RC:ActualShortTonsQuantity/>
							<RC:LandBasedUnitIndicator/>
							<RC:HandlerWasteCodeDetails>
								<RC:TransactionCode/>
								<RC:WasteCodeOwnerName/>
								<RC:WasteCode/>
							</RC:HandlerWasteCodeDetails>
						</RC:HazardousSecondaryMaterialActivity>
					</RC:HazardousSecondaryMaterial>
					<RC:Certification>
						<RC:TransactionCode/>
						<RC:CertificationSequenceNumber/>
						<RC:SignedDate/>
						<RC:IndividualTitleText/>
						<RC:FirstName/>
						<RC:MiddleInitial/>
						<RC:LastName/>
					</RC:Certification>
					<RC:NAICSIdentity>
						<RC:TransactionCode>A</RC:TransactionCode>
						<RC:NAICSSequenceNumber>1</RC:NAICSSequenceNumber>
						<RC:NAICSOwnerCode>HQ</RC:NAICSOwnerCode>
						<RC:NAICSCode/>
					</RC:NAICSIdentity>
					<RC:FacilityOwnerOperator>
						<RC:TransactionCode/>
						<RC:OwnerOperatorSequenceNumber/>
						<RC:OwnerOperatorIndicator/>
						<RC:OwnerOperatorTypeCode/>
						<RC:CurrentStartDate/>
						<RC:CurrentEndDate/>
						<RC:OwnerOperatorSupplementalInformationText/>
						<RC:ContactAddress>
							<RC:Contact>
								<RC:FirstName/>
								<RC:MiddleInitial/>
								<RC:LastName/>
								<RC:IndividualTitleText/>
								<RC:EmailAddressText/>
								<RC:TelephoneNumberText/>
								<RC:PhoneExtensionText/>
								<RC:FaxNumberText/>
							</RC:Contact>
							<RC:MailingAddress>
								<RC:MailingAddressText/>
								<RC:SupplementalAddressText/>
								<RC:MailingAddressCityName/>
								<RC:MailingAddressStateUSPSCode/>
								<RC:MailingAddressCountryName/>
								<RC:MailingAddressZIPCode/>
							</RC:MailingAddress>
						</RC:ContactAddress>
					</RC:FacilityOwnerOperator>
					<RC:FacilityOwnerOperator>
						<RC:TransactionCode/>
						<RC:OwnerOperatorSequenceNumber/>
						<RC:OwnerOperatorIndicator/>
						<RC:OwnerOperatorTypeCode/>
						<RC:CurrentStartDate/>
						<RC:CurrentEndDate/>
						<RC:OwnerOperatorSupplementalInformationText/>
						<RC:ContactAddress>
							<RC:Contact>
								<RC:FirstName/>
								<RC:MiddleInitial/>
								<RC:LastName/>
								<RC:IndividualTitleText/>
								<RC:EmailAddressText/>
								<RC:TelephoneNumberText/>
								<RC:PhoneExtensionText/>
								<RC:FaxNumberText/>
							</RC:Contact>
							<RC:MailingAddress>
								<RC:MailingAddressText/>
								<RC:SupplementalAddressText/>
								<RC:MailingAddressCityName/>
								<RC:MailingAddressStateUSPSCode/>
								<RC:MailingAddressCountryName/>
								<RC:MailingAddressZIPCode/>
							</RC:MailingAddress>
						</RC:ContactAddress>
					</RC:FacilityOwnerOperator>
					<RC:EnvironmentalPermit>
						<RC:TransactionCode/>
						<RC:EnvironmentalPermitID/>
						<RC:EnvironmentalPermitOwnerName/>
						<RC:EnvironmentalPermitTypeCode/>
						<RC:EnvironmentalPermitDescription/>
					</RC:EnvironmentalPermit>
					<RC:StateActivity>
						<RC:TransactionCode/>
						<RC:StateActivityOwnerName/>
						<RC:StateActivityTypeCode/>
					</RC:StateActivity>
					<RC:HandlerUniversalWaste>
						<RC:TransactionCode/>
						<RC:UniversalWasteOwnerName/>
						<RC:UniversalWasteTypeCode/>
						<RC:AccumulatedWasteCode/>
						<RC:GeneratedHandlerCode/>
					</RC:HandlerUniversalWaste>
					<RC:HandlerWasteCodeDetails>
						<RC:TransactionCode/>
						<RC:WasteCodeOwnerName/>
						<RC:WasteCode/>
					</RC:HandlerWasteCodeDetails>
				</RC:Handler>
				<RC:OtherID>
					<RC:TransactionCode/>
					<RC:OtherHandlerID/>
					<RC:RelationshipOwnerName/>
					<RC:RelationshipTypeCode/>
					<RC:SameFacilityIndicator/>
					<RC:OtherIDSupplementalInformationText/>
				</RC:OtherID>
			</RC:FacilitySubmission>
		</RC:HazardousWasteHandlerSubmission>
	</hdr:Payload>
</hdr:Document>
