<?xml version="1.0" encoding="utf-8"?>
<process>
	<extension>
		<operation name="GetTransactionDetail" id="173" domain="ENDS" webservice="QUERY" type="WEB_SERVICE" version="VER_20">
			<documentation></documentation>
		</operation>
	</extension>
	<partnerLinks>
		<partnerLink name="StoredProcedure" partnerLinkType="">
			<extension namespace="">
				<component library="bin/DataFlow.PlugIn.Common.dll" class="DataFlow.PlugIn.Common.StoredProcedure" />
			</extension>
		</partnerLink>
	</partnerLinks>
	<variables>
		<variable name="webMethodName">QUERY</variable>
		<variable name="operationName">GetTransactionDetail</variable>
		<variable name="transactionId" />
		<variable name="securityToken" />
		<variable name="dataflow" />
		<variable name="request" />
		<variable name="rowId" />
		<variable name="maxRows" />
		<variable name="transID " type="" encoding="" occurrencenumber="" requiredindicator="" typeDescriptor="" />
	</variables>
	<sequence>
		<invoke partnerLink="StoredProcedure">
			<extension namespace="">
				<component aliasName="GenXML" runAsThread="False" />
				<inputParameters>
					<parameter name="spName" value="USP_GENERATE_TRANSACT_DTL_XML" type="System.String" />
					<parameter name="dataSource" value="MSSQL:Server=xxxxx;Database=xxxxx;UID=xxxxx;PWD=xxxxx" type="System.String" />
					<parameter name="logMessage" value="" type="System.String" />
					<parameter name="faultMessage" value="" type="System.String" />
					<parameter name="commandtimeout" value="" type="System.String" />
					<parameter name="@p_TRANS_ID" value="{Global::transID }" type="System.String" />
					<parameter name="@p_RESULT" value="{output:-1}" type="System.String" />
				</inputParameters>
				<outputParameters>
					<parameter name="" value="" type="System.Object" />
				</outputParameters>
			</extension>
		</invoke>
	</sequence>
</process>