 <?xml version="1.0" encoding="utf-8" ?> 
 <process>
 <extension>
<operation name="SubmitEISData" id="98" domain="MDEQ EIS Data Flow" webservice="SOLICIT" type="WEB_SERVICE" version="VER_20">
  <documentation>Generate And Submit EIS Facility Invenotry</documentation> 
  </operation>
  </extension>
<partnerLinks>
<partnerLink name="StoredProcedure" partnerLinkType="">
<extension namespace="">
  <component library="bin/DataFlow.PlugIn.Common.dll" class="DataFlow.PlugIn.Common.StoredProcedure" /> 
  </extension>
  </partnerLink>
<partnerLink name="Compressor" partnerLinkType="">
<extension namespace="">
  <component library="bin/DataFlow.PlugIn.Common.dll" class="DataFlow.PlugIn.Common.Compressor" /> 
  </extension>
  </partnerLink>
<partnerLink name="SaveToNode" partnerLinkType="">
<extension namespace="">
  <component library="bin/DataFlow.PlugIn.Common.dll" class="DataFlow.PlugIn.Common.SaveToNode" /> 
  </extension>
  </partnerLink>
<partnerLink name="Email" partnerLinkType="">
<extension namespace="">
  <component library="bin/DataFlow.PlugIn.Common.dll" class="DataFlow.PlugIn.Common.Email" /> 
  </extension>
  </partnerLink>
  </partnerLinks>
<variables>
  <variable name="webMethodName">SOLICIT</variable> 
  <variable name="operationName">SubmitEISData</variable> 
  <variable name="transactionId" /> 
  <variable name="securityToken" /> 
  <variable name="dataflow" /> 
  <variable name="recipient" /> 
  <variable name="notificationURI" /> 
  <variable name="request" /> 
  <variable name="Inventory_Year" /> 
  <variable name="Data_Category" /> 
  <variable name="Submission_Type" /> 
  <variable name="Server_Name" /> 
  <variable name="Database_Name" /> 
  <variable name="Program_Code" /> 
  <variable name="Refresh_Ind" /> 
  <variable name="Data_Fixing_Ind" /> 
  </variables>
<sequence>
<invoke partnerLink="StoredProcedure">
<extension namespace="">
  <component aliasName="Generate EIS XML File" runAsThread="True" /> 
<inputParameters>
  <parameter name="spName" value="USP_GENERATE_CERS_XML" type="System.String" /> 
  <parameter name="dataSource" value="MSSQL:Data Source=enfo_001;Initial Catalog=CERS_STG;User Id=CERS;Password=CERS" type="System.String" /> 
  <parameter name="logMessage" value="EIS XML File SP Execution Done" type="System.String" /> 
  <parameter name="faultMessage" value="EIS XML File SP Execution Resulted in Error!" type="System.String" /> 
  <parameter name="commandtimeout" value="6000" type="System.String" /> 
  <parameter name="@INVENTORY_RID" value="{Global::Inventory_Year}" type="System.Int32" /> 
  <parameter name="@DATA_CATEGORY" value="{Global::Data_Category}" type="System.String" /> 
  <parameter name="@SUBMISSION_TYPE" value="{Global::Submission_Type}" type="System.String" /> 
  <parameter name="@PROGRAM_CODE" value="{Global::Program_Code}" type="System.String" /> 
  <parameter name="@SSQL" value="{output:-1}" type="System.String" /> 
  </inputParameters>
  </extension>
  </invoke>
<invoke partnerLink="Compressor">
<extension namespace="">
  <component aliasName="zipped EIS XML File" runAsThread="True" /> 
<inputParameters>
  <parameter name="source" value="{Generate EIS XML File::Output}" type="System.String" /> 
  <parameter name="filename" value="EIS_FacilityInventory" type="System.String" /> 
  <parameter name="logMessage" value="" type="System.String" /> 
  <parameter name="faultMessage" value="" type="System.String" /> 
  </inputParameters>
  </extension>
  </invoke>
<invoke partnerLink="SaveToNode">
<extension namespace="">
  <component aliasName="Save EIS XML File to Node DB" runAsThread="True" /> 
<inputParameters>
  <parameter name="source" value="{zipped EIS XML File::Output}" type="System.object" /> 
  <parameter name="filename" value="EIS.zip" type="System.String" /> 
  <parameter name="logMessage" value="" type="System.String" /> 
  <parameter name="faultMessage" value="" type="System.String" /> 
  </inputParameters>
  </extension>
  </invoke>
<invoke partnerLink="Email">
<extension namespace="">
  <component aliasName="Notify EIS XML file generation email" runAsThread="True" /> 
<inputParameters>
  <parameter name="toList" value="sony_su@enfotech.com" type="System.String" /> 
  <parameter name="subject" value="EIS XML file generation" type="System.String" /> 
  <parameter name="content" value="EIS XML file generation" type="System.String" /> 
  <parameter name="attachment" value="" type="System.Object" /> 
  <parameter name="logMessage" value="" type="System.String" /> 
  <parameter name="faultMessage" value="" type="System.String" /> 
  </inputParameters>
  </extension>
  </invoke>
  </sequence>
  </process>