<?xml version="1.0" encoding="utf-8"?>
<DataFlows>
	<DataFlow Name="TRI">
		<DBConnection>
			<ProviderName>System.Data.SqlClient</ProviderName>
			<ConnectionString>Server=madison;Database=TRI_PROD;UID=TRI_PROD;PWD=TRI_PROD</ConnectionString>
		</DBConnection>
		<Tables>
			<Table>
				<Name>Report Headers</Name>
				<Key>SUBMISSION_KEY</Key>
				<SQL>
					SELECT DISTINCT ltrim(rtrim(STS.TRI_SUBMISSION_IDENTIFIER)) AS [SUBMISSION_KEY],
					ltrim(rtrim(STS.TRI_SUBMISSION_IDENTIFIER))  AS [Chemical List],
					ltrim(rtrim(SR.SUBMISSION_REPORTING_YEAR)) AS [Submission Year], 
ltrim(rtrim(SR.REPORT_TYPE_CODE)) AS [Report Type],
convert(varchar, STS.[UPDATED DATE],100) AS [Sub Updated Date],
ltrim(rtrim(STS.STATUS)) AS [Sub Status],
ltrim(rtrim(SF.FACILITY_ID)) AS [TRIFID],
ltrim(rtrim(SF.FACILITY_SITE_NAME)) AS [Facility Name],
ltrim(rtrim(SF.LOCATION_ADDRESS_TEXT)) AS [Location Address],
ltrim(rtrim(SF.ADDRESS_POSTAL_CODE)) AS [ZIP],
ltrim(rtrim(SR.INDIVIDUAL_FULL_NAME)) AS [Technical Contact],
ltrim(rtrim(SR.TECHNICAL_CONTACT_PHONE_TEXT)) AS [Phone],
ltrim(rtrim(STS.TRI_SUBMISSION_IDENTIFIER)) AS [File],
ltrim(rtrim(STS.TRI_SUBMISSION_IDENTIFIER)) AS [HTML]
FROM SYS_TRI_SUBMISSION STS
INNER JOIN SYS_FACILITY SF
ON STS.FACILITY_KEY = SF.FACILITY_KEY
INNER JOIN SYS_REPORT SR
ON SF.FACILITY_KEY = SR.FACILITY_KEY
INNER JOIN SYS_CHEMICAL_IDENTIFICATION SCI
ON SR.REPORT_KEY = SCI.REPORT_KEY
				</SQL>
				<SQLSuffix>
				AND STS.TRI_SUBMISSION_IDENTIFIER IS NOT NULL AND LTRIM(RTRIM(STS.TRI_SUBMISSION_IDENTIFIER)) != ''
				ORDER BY ltrim(rtrim(SR.SUBMISSION_REPORTING_YEAR)) DESC, ltrim(rtrim(SF.FACILITY_ID))
				</SQLSuffix>
				<CascadeTables>
				</CascadeTables>
				<Filters>
					<Filter>
						<Control>RptYear</Control>
						<ControlType>DropDown</ControlType>
						<Column>SUBMISSION_REPORTING_YEAR</Column>
						<SQL>select DISTINCT SUBMISSION_REPORTING_YEAR FROM SYS_REPORT WHERE SUBMISSION_REPORTING_YEAR IS NOT NULL ORDER BY  SUBMISSION_REPORTING_YEAR DESC</SQL>
					</Filter>
					<Filter>
						<Control>RptStatus</Control>
						<ControlType>DropDown</ControlType>
						<Column>STATUS</Column>
						<SQL>select DISTINCT STATUS FROM SYS_TRI_SUBMISSION WHERE STATUS IS NOT NULL ORDER BY  STATUS</SQL>
					</Filter>
					<Filter>
						<Control>RptType</Control>
						<ControlType>DropDown</ControlType>
						<Column>REPORT_TYPE_CODE</Column>
						<SQL>select DISTINCT REPORT_TYPE_CODE FROM SYS_REPORT WHERE REPORT_TYPE_CODE IS NOT NULL ORDER BY  REPORT_TYPE_CODE</SQL>
					</Filter>
					<Filter>
						<Control>TRIFID</Control>
						<ControlType>Text</ControlType>
						<Column>FACILITY_ID</Column>
						<SQL/>
					</Filter>
					<Filter>
						<Control>CASNum</Control>
						<ControlType>Text</ControlType>
						<Column>CAS_NUMBER</Column>
						<SQL/>
					</Filter>
					<Filter>
						<Control>ChemicalName</Control>
						<ControlType>Text</ControlType>
						<Column>CHEMICAL_NAME_TEXT</Column>
						<SQL/>
					</Filter>
					<Filter>
						<Control>FacName</Control>
						<ControlType>Text</ControlType>
						<Column>FACILITY_SITE_NAME</Column>
					</Filter>
				</Filters>
				<ChildTables>
					<ChildTable>
						<Column>Chemical List</Column>
						<SQL>
							SELECT DISTINCT 
SCI.CHEMICAL_NAME_TEXT AS [Chemical Name],
SCI.CAS_NUMBER AS [CAS Num]
FROM SYS_TRI_SUBMISSION STS
INNER JOIN SYS_FACILITY SF
ON STS.FACILITY_KEY = SF.FACILITY_KEY
INNER JOIN SYS_REPORT SR
ON SF.FACILITY_KEY = SR.FACILITY_KEY
INNER JOIN SYS_CHEMICAL_IDENTIFICATION SCI
ON SR.REPORT_KEY = SCI.REPORT_KEY
							WHERE STS.TRI_SUBMISSION_IDENTIFIER = '@Chemical List@'
						</SQL>
						<SQLSuffix>ORDER BY SCI.CHEMICAL_NAME_TEXT</SQLSuffix>
					</ChildTable>
				</ChildTables>
				<Transforms>
					<Transform>
						<Column>File</Column>
						<SQL>
							select FILE_TYPE, FILE_CONTENT
FROM node2008.NODE_FILE_CABIN
WHERE FILE_NAME = '@File@'
						</SQL>
						<SQLSuffix/>
						<XSLT/>
					</Transform>
					<Transform>
						<Column>HTML</Column>
						<SQL>
							select FILE_TYPE, FILE_CONTENT
FROM node2008.NODE_FILE_CABIN
WHERE FILE_NAME = '@HTML@'
						</SQL>
						<SQLSuffix/>
						<XSLT>\App_Data\Config\STYLESHEETS\TRI_FORMS_A_R.xsl</XSLT>
					</Transform>
				</Transforms>
			</Table>
			<Table>
				<Name>Summary Count By Year</Name>
				<Key>SUBMISSION_REPORTING_YEAR</Key>
				<SQL>
					select SUBMISSION_REPORTING_YEAR , count(1) as [No. of Submissions]
					FROM SYS_TRI_SUBMISSION STS
					INNER JOIN SYS_FACILITY SF
					ON STS.FACILITY_KEY = SF.FACILITY_KEY
					INNER JOIN SYS_REPORT SR
					ON SF.FACILITY_KEY = SR.FACILITY_KEY
					INNER JOIN SYS_CHEMICAL_IDENTIFICATION SCI
					ON SR.REPORT_KEY = SCI.REPORT_KEY
				</SQL>
				<SQLSuffix>
				GROUP BY SUBMISSION_REPORTING_YEAR
				order by submission_reporting_year desc
				</SQLSuffix>
				<CascadeTables>
				</CascadeTables>
				<Filters>
					<Filter>
						<Control>RptYear</Control>
						<ControlType>DropDown</ControlType>
						<Column>SUBMISSION_REPORTING_YEAR</Column>
						<SQL>select DISTINCT SUBMISSION_REPORTING_YEAR FROM SYS_REPORT WHERE SUBMISSION_REPORTING_YEAR IS NOT NULL ORDER BY  SUBMISSION_REPORTING_YEAR DESC</SQL>
					</Filter>
					<Filter>
						<Control>RptStatus</Control>
						<ControlType>DropDown</ControlType>
						<Column>STATUS</Column>
						<SQL>select DISTINCT STATUS FROM SYS_TRI_SUBMISSION WHERE STATUS IS NOT NULL ORDER BY  STATUS</SQL>
					</Filter>
					<Filter>
						<Control>RptType</Control>
						<ControlType>DropDown</ControlType>
						<Column>REPORT_TYPE_CODE</Column>
						<SQL>select DISTINCT REPORT_TYPE_CODE FROM SYS_REPORT WHERE REPORT_TYPE_CODE IS NOT NULL ORDER BY  REPORT_TYPE_CODE</SQL>
					</Filter>
					<Filter>
						<Control>TRIFID</Control>
						<ControlType>Text</ControlType>
						<Column>FACILITY_ID</Column>
						<SQL/>
					</Filter>
					<Filter>
						<Control>CASNum</Control>
						<ControlType>Text</ControlType>
						<Column>CAS_NUMBER</Column>
						<SQL/>
					</Filter>
					<Filter>
						<Control>ChemicalName</Control>
						<ControlType>Text</ControlType>
						<Column>CHEMICAL_NAME_TEXT</Column>
						<SQL/>
					</Filter>
					<Filter>
						<Control>FacName</Control>
						<ControlType>Text</ControlType>
						<Column>FACILITY_SITE_NAME</Column>
					</Filter>
				</Filters>
			</Table>
		</Tables>
	</DataFlow>
	<DataFlow Name="Demo">
		<DBConnection>
			<ProviderName>System.Data.SqlClient</ProviderName>
			<ConnectionString>Server=enfo_001;Database=Node2008;UID=nodeadmin;PWD=nodeadmin</ConnectionString>
		</DBConnection>
		<Tables>
			<Table>
				<Name>Operation Manager</Name>
				<Key>SUBMIT_ID</Key>
				<SQL>
					SELECT [SUBMIT_ID] as Files
					,[OPERATION_NAME]
					,[STATUS_CD]
					,[SUBMITTED_DTTM]
					,[SUBMITTED_URL]
					,[VERSION_NO]
					,[TRANS_ID]
					,[SUPPLIED_TRANS_ID]
					,[DATA_FLOW]
					,[SUBMIT_ID]
					FROM [NODE_OPERATION_MANAGER]
				</SQL>
				<SQLSuffix>order by SUBMITTED_DTTM</SQLSuffix>
				<CascadeTables>
				</CascadeTables>
				<Filters>
					<Filter>
						<Control>OpName</Control>
						<ControlType>DropDown</ControlType>
						<Column>OPERATION_NAME</Column>
						<Label>Operation Name</Label>
						<SQL>select distinct OPERATION_NAME from NODE_OPERATION_MANAGER order by OPERATION_NAME</SQL>
					</Filter>
					<Filter>
						<Control>TransID</Control>
						<ControlType>DropDown</ControlType>
						<Column>TRANS_ID</Column>
						<Label>Transation ID</Label>
						<SQL>select distinct TRANS_ID from NODE_OPERATION_MANAGER</SQL>
					</Filter>
					<Filter>
						<Control>SuppTransID</Control>
						<ControlType>DropDown</ControlType>
						<Column>SUPPLIED_TRANS_ID</Column>
						<Label>EPA Transation ID</Label>
						<SQL>select distinct SUPPLIED_TRANS_ID from NODE_OPERATION_MANAGER</SQL>
					</Filter>
					<Filter>
						<Control>SubmissionDate</Control>
						<ControlType>Date</ControlType>
						<Label>Submission Date</Label>
						<Column>SUBMITTED_DTTM</Column>
					</Filter>
				</Filters>
				<Downloads>
					<Download>
						<Column>Files</Column>
						<SQL>
							SELECT 'zip', FILE_CONTENT
							FROM NODE_OPERATION_MANAGER
							WHERE (SUBMIT_ID = '@Files@')
						</SQL>
						<SQLSuffix/>
					</Download>
				</Downloads>
			</Table>
			<Table>
				<Name>NODE_OPERATION_LOG</Name>
				<Key>OPERATION_LOG_ID</Key>
				<SQL>
					SELECT NODE_OPERATION_LOG.OPERATION_LOG_ID,
					NODE_OPERATION_LOG.OPERATION_LOG_ID as [Status],
					NODE_OPERATION_LOG.OPERATION_LOG_ID as [Parameter],
					NODE_OPERATION_LOG.TRANS_ID as [File],
					NODE_OPERATION_LOG.TRANS_ID as [Files],
					NODE_OPERATION_LOG.TRANS_ID,NODE_OPERATION.OPERATION_NAME, NODE_OPERATION_LOG.START_DTTM, NODE_OPERATION_LOG.END_DTTM,
					NODE_OPERATION_LOG.HOST_NAME, NODE_OPERATION_LOG.CREATED_DTTM, NODE_OPERATION_LOG.CREATED_BY
					FROM  NODE_OPERATION INNER JOIN
					NODE_OPERATION_LOG ON NODE_OPERATION.OPERATION_ID = NODE_OPERATION_LOG.OPERATION_ID
					Where NODE_OPERATION.OPERATION_NAME not in ('PASSWORD','PASSWORD2','NODE','NODE2')
				</SQL>
				<SQLSuffix>
				</SQLSuffix>
				<CascadeTables>
				</CascadeTables>
				<Filters>
					<Filter>
						<Control>OpName</Control>
						<ControlType>DropDown</ControlType>
						<Column>OPERATION_NAME</Column>
						<SQL>select distinct OPERATION_NAME from NODE_OPERATION where OPERATION_NAME not in ('PASSWORD','PASSWORD2','NODE','NODE2')</SQL>
					</Filter>
					<Filter>
						<Control>TransID</Control>
						<ControlType>Text</ControlType>
						<Column>TRANS_ID</Column>
						<SQL/>
					</Filter>
					<Filter>
						<Control>DateUpdated</Control>
						<ControlType>Date</ControlType>
						<Column>UPDATED_DTTM</Column>
					</Filter>
				</Filters>
				<ChildTables>
					<ChildTable>
						<Column>Status</Column>
						<SQL>
							SELECT STATUS_CD, MESSAGE
							FROM NODE_OPERATION_LOG_STATUS
							WHERE (OPERATION_LOG_ID = @Status@)
						</SQL>
						<SQLSuffix/>
					</ChildTable>
					<ChildTable>
						<Column>Parameter</Column>
						<SQL>
							SELECT     PARAMETER_NAME, PARAMETER_VALUE
							FROM         NODE_OPERATION_LOG_PARAMETER
							WHERE     (OPERATION_LOG_ID = @Parameter@)
						</SQL>
						<SQLSuffix/>
					</ChildTable>
				</ChildTables>
				<Transforms>
					<Transform>
						<Column>File</Column>
						<SQL>
							SELECT FILE_TYPE, FILE_CONTENT
							FROM NODE_FILE_CABIN
							WHERE (TRANS_ID = '@File@')
						</SQL>
						<SQLSuffix/>
						<XSLT/>
					</Transform>
				</Transforms>
				<Downloads>
					<Download>
						<Column>Files</Column>
						<SQL>
							SELECT FILE_TYPE, FILE_CONTENT
							FROM NODE_FILE_CABIN
							WHERE (TRANS_ID = '@Files@')
						</SQL>
						<SQLSuffix/>
						<XSLT/>
					</Download>
				</Downloads>
			</Table>
		</Tables>
	</DataFlow>
</DataFlows>
