<process>
	<extension>
		<operation domain="AQS" id="110" name="AQS_AirVision_Query_v2" type="WEB_SERVICE" version="VER_20" webservice="QUERY">
			<documentation/>
		</operation>
	</extension>
	<partnerLinks>
		<partnerLink name="ExternalAPI" partnerLinkType="">
			<extension namespace="">
				<component class="DataFlow.PlugIn.Common.ExternalAPI" library="bin/DataFlow.PlugIn.Common.dll"/>
			</extension>
		</partnerLink>
  </partnerLinks>
	<variables>
		<variable name="webMethodName">QUERY</variable>
		<variable name="operationName">AQS_AirVision_Query_v2</variable>
		<variable name="transactionId"/>
		<variable name="securityToken"/>
		<variable name="dataflow"/>
		<variable name="request"/>
		<variable name="rowId"/>
		<variable name="maxRows"/>
		<variable name="documents"/>
		<variable encoding="" name="AirVisionURL" occurenceNumber="" requiredIndicator="" type="" typeDescription=""/>
		<variable encoding="" name="AQSXMLSchemaVersion" occurenceNumber="" requiredIndicator="" type="" typeDescription=""/>
		<variable encoding="" name="DurationCode" occurenceNumber="" requiredIndicator="" type="" typeDescription=""/>
		<variable encoding="" name="StartTime" occurenceNumber="" requiredIndicator="" type="" typeDescription=""/>
		<variable encoding="" name="EndTime" occurenceNumber="" requiredIndicator="" type="" typeDescription=""/>
		<variable encoding="" name="SendOnlyQAData" occurenceNumber="" requiredIndicator="" type="" typeDescription=""/>
		<variable encoding="" name="SendRATransactions" occurenceNumber="" requiredIndicator="" type="" typeDescription=""/>
		<variable encoding="" name="SendRBTransactions" occurenceNumber="" requiredIndicator="" type="" typeDescription=""/>
		<variable encoding="" name="SendRDTransactions" occurenceNumber="" requiredIndicator="" type="" typeDescription=""/>
		<variable encoding="" name="SendRPTransactions" occurenceNumber="" requiredIndicator="" type="" typeDescription=""/>
		<variable encoding="" name="AuthorName" occurenceNumber="" requiredIndicator="" type="" typeDescription=""/>
		<variable encoding="" name="OrganizationName" occurenceNumber="" requiredIndicator="" type="" typeDescription=""/>
		<variable encoding="" name="DocumentTitle" occurenceNumber="" requiredIndicator="" type="" typeDescription=""/>
		<variable encoding="" name="AQSUserID" occurenceNumber="" requiredIndicator="" type="" typeDescription=""/>
		<variable encoding="" name="AQSScreeningGroup" occurenceNumber="" requiredIndicator="" type="" typeDescription=""/>
		<variable encoding="" name="AQSPayloadTypeProperty" occurenceNumber="" requiredIndicator="" type="" typeDescription=""/>
		<variable encoding="" name="AQSSchemaVersion" occurenceNumber="" requiredIndicator="" type="" typeDescription=""/>
		<variable encoding="" name="AQSLoadOptions" occurenceNumber="" requiredIndicator="" type="" typeDescription=""/>
		<variable encoding="" name="PayloadOperation" occurenceNumber="" requiredIndicator="" type="" typeDescription=""/>
		<variable encoding="" name="AgencyCode" occurenceNumber="" requiredIndicator="" type="" typeDescription=""/>
		<variable encoding="" name="SiteCode" occurenceNumber="" requiredIndicator="" type="" typeDescription=""/>
		<variable encoding="" name="ParameterCode" occurenceNumber="" requiredIndicator="" type="" typeDescription=""/>
	</variables>
	<sequence>
		<invoke partnerLink="ExternalAPI">
			<extension namespace="">
				<component aliasName="GenerateAQS_XML_API" runAsThread="False"/>
				<inputParameters>
					<parameter name="dllFullName" type="System.String" value=""/>
					<parameter name="classFullName" type="System.String" value="com.enfotech.aqs.epa.EPAGenerateAQSXML"/>
					<parameter name="logMessage" type="System.String" value=""/>
					<parameter name="faultMessage" type="System.String" value=""/>
					<parameter name="AirVisionURL" type="System.String" value="{Global::AirVisionURL}"/>
					<parameter name="FileName" type="System.String" value="AQS_AirVision{Global::transactionId}.xml"/>
					<parameter name="AQSXMLSchemaVersion" type="System.String" value="{Global::AQSXMLSchemaVersion}"/>
					<parameter name="CompressPayload" type="System.String" value="true"/>
					<parameter name="DurationCode" type="System.String" value="{Global::DurationCode}"/>
					<parameter name="StartTime" type="System.String" value="{Global::StartTime}"/>
					<parameter name="EndTime" type="System.String" value="{Global::EndTime}"/>
					<parameter name="SendOnlyQAData" type="System.String" value="{Global::SendOnlyQAData}"/>
					<parameter name="SendRATransactions" type="System.String" value="{Global::SendRATransactions}"/>
					<parameter name="SendRBTransactions" type="System.String" value="{Global::SendRBTransactions}"/>
					<parameter name="SendRDTransactions" type="System.String" value="{Global::SendRDTransactions}"/>
					<parameter name="SendRPTransactions" type="System.String" value="{Global::SendRPTransactions}"/>
					<parameter name="AuthorName" type="System.String" value="{Global::AuthorName}"/>
					<parameter name="OrganizationName" type="System.String" value="{Global::OrganizationName}"/>
					<parameter name="DocumentTitle" type="System.String" value="{Global::DocumentTitle}"/>
					<parameter name="AQSUserID" type="System.String" value="{Global::AQSUserID}"/>
					<parameter name="AQSScreeningGroup" type="System.String" value="{Global::AQSScreeningGroup}"/>
					<parameter name="AQSPayloadTypeProperty" type="System.String" value="{Global::AQSPayloadTypeProperty}"/>
					<parameter name="AQSSchemaVersion" type="System.String" value="{Global::AQSSchemaVersion}"/>
					<parameter name="AQSLoadOptions" type="System.String" value="{Global::AQSLoadOptions}"/>
					<parameter name="PayloadOperation" type="System.String" value="{Global::PayloadOperation}"/>
					<parameter name="AgencyCode" type="System.String" value="{Global::AgencyCode}"/>
					<parameter name="SiteCode" type="System.String" value="{Global::SiteCode}"/>
					<parameter name="ParameterCode" type="System.String" value="{Global::ParameterCode}"/>
				</inputParameters>
			</extension>
		</invoke>
  </sequence>
</process>
