<process>
	<extension>
		<operation name="GenerateAndSubmitWQX" id="119" domain="WQX" webservice="SOLICIT" type="WEB_SERVICE" version="VER_20">
			<documentation/>
		</operation>
	</extension>
	<partnerLinks>
		<partnerLink name="StoredProcedure" partnerLinkType="">
			<extension namespace="">
				<component library="bin/DataFlow.PlugIn.Common.dll" class="DataFlow.PlugIn.Common.StoredProcedure"/>
			</extension>
		</partnerLink>
    <partnerLink name="ExternalAPI" partnerLinkType="">
      <extension namespace="">
        <component class="DataFlow.PlugIn.Common.ExternalAPI" library="DataFlow.PlugIn.Common.dll"/>
      </extension>
    </partnerLink>
    <partnerLink name="Compressor" partnerLinkType="">
			<extension namespace="">
				<component library="bin/DataFlow.PlugIn.Common.dll" class="DataFlow.PlugIn.Common.Compressor"/>
			</extension>
		</partnerLink>
		<partnerLink name="SaveToNode" partnerLinkType="">
			<extension namespace="">
				<component library="bin/DataFlow.PlugIn.Common.dll" class="DataFlow.PlugIn.Common.SaveToNode"/>
			</extension>
		</partnerLink>
    <partnerLink name="StoredProcedure" partnerLinkType="">
      <extension namespace="">
        <component class="DataFlow.PlugIn.Common.StoredProcedure" library="bin/DataFlow.PlugIn.Common.dll"/>
      </extension>
    </partnerLink>
  </partnerLinks>
	<variables>
		<variable name="webMethodName">SOLICIT</variable>
		<variable name="operationName">GenerateAndSubmitWQX</variable>
		<variable name="transactionId"/>
		<variable name="securityToken"/>
		<variable name="dataflow"/>
		<variable name="recipient"/>
		<variable name="notificationURI"/>
		<variable name="request"/>
	</variables>
	<sequence>
		<invoke partnerLink="StoredProcedure">
			<extension namespace="">
				<component aliasName="NodeWQXInsertUpdate" runAsThread="True"/>
				<inputParameters>
					<parameter name="spName" value="WQX_XML_InsertUpdate" type="System.String"/>
					<parameter name="dataSource" value="jdbc:oracle:thin:EN_WQX/EN_WQX@kent:1521:kentdb" type="System.String"/>
          <parameter name="logMessage" type="System.String" value=""/>
          <parameter name="faultMessage" type="System.String" value=""/>
          <parameter name="commandtimeout" type="System.String" value=""/>
          <parameter name="transactionId" type="System.String" value="{Global::transactionId}"/>
          <parameter name="P_LAST_RUN_DATE" type="System.String" value=""/>
          <parameter name="P_SUCCESS_IND" type="System.String" value="output:"/>
        </inputParameters>
			</extension>
		</invoke>
    <invoke partnerLink="ExternalAPI">
      <extension namespace="">
        <component aliasName="GetDataAPI" runAsThread="True"/>
        <inputParameters>
          <parameter name="dllFullName" type="System.String" value=""/>
          <parameter name="classFullName" type="System.String" value="DataFlow.PlugIn.Specific.GetDataFromDatabase"/>
          <parameter name="logMessage" type="System.String" value=""/>
          <parameter name="faultMessage" type="System.String" value=""/>
          <parameter name="dataSourceName" type="System.String" value="jdbc:oracle:thin:EN_WQX/EN_WQX@kent:1521:kentdb"/>
          <parameter name="headerTableName" type="System.String" value=""/>
          <parameter name="contentTableName" type="System.String" value="WQ_XML_TEMP"/>
          <parameter name="contentColumn1" type="System.String" value="WQ_XML"/>
          <parameter name="contentColumn2" type="System.String" value="TRANSACTION_ID"/>
          <parameter name="contentColumn2Val" type="System.String" value="{Global::transactionId}"/>
          <parameter name="fileName" type="System.String" value="WQXSubmission{Global::transactionId}.xml"/>
          <parameter name="storeProcedureFlag" type="System.String" value="{NodeWQXInsertUpdate::Output}"/>
          <parameter name="rowID" type="System.String" value=""/>
          <parameter name="maxRow" type="System.String" value=""/>
          <parameter name="orderBy" type="System.String" value="WQ_XML_ID"/>
        </inputParameters>
      </extension>
    </invoke>
    <invoke partnerLink="Compressor">
      <extension namespace="">
        <component aliasName="ZipWQX" runAsThread="True"/>
        <inputParameters>
          <parameter name="source" type="System.String" value="{GetDataAPI::Output}"/>
          <parameter name="filename" type="System.String" value=""/>
          <parameter name="logMessage" type="System.String" value=""/>
          <parameter name="faultMessage" type="System.String" value=""/>
        </inputParameters>
      </extension>
    </invoke>
		<invoke partnerLink="SaveToNode">
			<extension namespace="">
				<component aliasName="SaveToNodeDB" runAsThread="True"/>
				<inputParameters>
					<parameter name="source" value="{ZipWQX::Output}" type="System.object"/>
					<parameter name="filename" value="" type="System.String"/>
					<parameter name="logMessage" value="" type="System.String"/>
					<parameter name="faultMessage" value="" type="System.String"/>
				</inputParameters>
			</extension>
		</invoke>
    <invoke partnerLink="StoredProcedure">
      <extension namespace="">
        <component aliasName="StoreProcedureCleanTable" runAsThread="True"/>
        <inputParameters>
          <parameter name="spName" type="System.String" value="WQX_DELETE_STG_DATA"/>
          <parameter name="dataSource" type="System.String" value="jdbc:oracle:thin:EN_WQX/EN_WQX@kent:1521:kentdb"/>
          <parameter name="logMessage" type="System.String" value=""/>
          <parameter name="faultMessage" type="System.String" value=""/>
          <parameter name="commandtimeout" type="System.String" value=""/>
          <parameter name="transactionId" type="System.String" value="{Global::transactionId}"/>
          <parameter name="P_SUCCESS_IND" type="System.String" value="output:"/>
        </inputParameters>
      </extension>
    </invoke>
  </sequence>
</process>
