<?xml version="1.0" encoding="utf-8"?>
<process>
	<extension>
		<operation name="SubmitDEDL" id="175" domain="ENDS" webservice="NONE" type="SCHEDULED_TASK" version="VER_20">
			<documentation></documentation>
		</operation>
	</extension>
	<partnerLinks>
		<partnerLink name="StoredProcedure" partnerLinkType="">
			<extension namespace="">
				<component library="DataFlow.PlugIn.Common.dll" class="DataFlow.PlugIn.Common.StoredProcedure" />
			</extension>
		</partnerLink>
		<partnerLink name="Compressor" partnerLinkType="">
			<extension namespace="">
				<component library="DataFlow.PlugIn.Common.dll" class="DataFlow.PlugIn.Common.Compressor" />
			</extension>
		</partnerLink>
		<partnerLink name="SaveToNode" partnerLinkType="">
			<extension namespace="">
				<component library="DataFlow.PlugIn.Common.dll" class="DataFlow.PlugIn.Common.SaveToNode" />
			</extension>
		</partnerLink>
		<partnerLink name="NodeWebServices" partnerLinkType="">
			<extension namespace="">
				<component library="DataFlow.PlugIn.Common.dll" class="DataFlow.PlugIn.Common.NodeWebServices" />
			</extension>
		</partnerLink>
	</partnerLinks>
	<variables>
		<variable name="webMethodName">NONE</variable>
		<variable name="operationName">SubmitDEDL</variable>
		<variable name="transactionId" />
	</variables>
	<sequence>
		<invoke partnerLink="StoredProcedure">
			<extension namespace="">
				<component aliasName="GenXML" runAsThread="False" />
				<inputParameters>
					<parameter name="spName" value="SP_GET_DEDL_XML" type="System.String" />
					<parameter name="dataSource" value="MSSQL:Server=vistatsaic09;Database=node2008;UID=nodeadmin;PWD=nodeadmin" type="System.String" />
					<parameter name="logMessage" value="" type="System.String" />
					<parameter name="faultMessage" value="" type="System.String" />
					<parameter name="commandtimeout" value="" type="System.String" />
					<parameter name="@sp_output" value="{output:-1}" type="System.String" />
				</inputParameters>
			</extension>
		</invoke>
		<invoke partnerLink="Compressor">
			<extension namespace="">
				<component aliasName="CompressXML" runAsThread="False" />
				<inputParameters>
					<parameter name="source" value="{GenXML::Output}" type="System.String" />
					<parameter name="filename" value="DEDL.zip" type="System.String" />
					<parameter name="logMessage" value="" type="System.String" />
					<parameter name="faultMessage" value="" type="System.String" />
				</inputParameters>
			</extension>
		</invoke>
		<invoke partnerLink="SaveToNode">
			<extension namespace="">
				<component aliasName="SaveToNode" runAsThread="False" />
				<inputParameters>
					<parameter name="source" value="{CompressXML::Output}" type="System.object" />
					<parameter name="filename" value="DEDL.zip" type="System.String" />
					<parameter name="logMessage" value="" type="System.String" />
					<parameter name="faultMessage" value="" type="System.String" />
				</inputParameters>
			</extension>
		</invoke>
		<invoke partnerLink="NodeWebServices">
			<extension namespace="">
				<component aliasName="SubmitDEDL" runAsThread="False" />
				<inputParameters>
					<parameter name="source" value="{GenXML::Output}" type="System.String" />
					<parameter name="nodeURI" value="https://ends2.epacdxnode.net/Node2WS.svc" type="System.String" />
					<parameter name="nodeVersion" value="VER_20" type="System.String" />
					<parameter name="webMethod" value="Submit" type="System.String" />
					<parameter name="authUser" value="xxxxx" type="System.String" />
					<parameter name="authPassword" value="xxxxx" type="System.String" />
					<parameter name="authMethod" value="password" type="System.String" />
					<parameter name="authDomain" value="default" type="System.String" />
					<parameter name="dataflow" value="DEDL_v1_0" type="System.String" />
					<parameter name="request" value="" type="System.String" />
					<parameter name="rowID" value="" type="System.String" />
					<parameter name="maxRows" value="" type="System.String" />
					<parameter name="flowOperation" value="Refresh" type="System.String" />
					<parameter name="filename" value="DEDL.xml" type="System.String" />
					<parameter name="logMessage" value="" type="System.String" />
					<parameter name="faultMessage" value="" type="System.String" />
				</inputParameters>
			</extension>
		</invoke>
	</sequence>
</process>