<?xml version="1.0" encoding="utf-8"?><process><extension><operation name="ReceiveEPAWQXLookups" id="63" domain="WQX" webservice="SUBMIT" type="WEB_SERVICE" version="VER_20"><documentation></documentation></operation></extension><partnerLinks><partnerLink name="SaveToNode" partnerLinkType=""><extension namespace=""><component library="bin/DataFlow.PlugIn.Common.dll" class="DataFlow.PlugIn.Common.SaveToNode" /></extension></partnerLink><partnerLink name="Decompressor" partnerLinkType=""><extension namespace=""><component library="bin/DataFlow.PlugIn.Common.dll" class="DataFlow.PlugIn.Common.Decompressor" /></extension></partnerLink><partnerLink name="XmlPopulator" partnerLinkType=""><extension namespace=""><component library="bin/DataFlow.PlugIn.Common.dll" class="DataFlow.PlugIn.Common.XmlPopulator" /></extension></partnerLink></partnerLinks><variables><variable name="webMethodName">SUBMIT</variable><variable name="operationName">ReceiveEPAWQXLookups</variable><variable name="securityToken" /><variable name="transactionId" /><variable name="dataflow" /><variable name="flowOperation" /><variable name="recipient" /><variable name="notificationURI" /><variable name="documents" /></variables><sequence><invoke partnerLink="SaveToNode"><extension namespace=""><component aliasName="SaveToNode" runAsThread="False" /><inputParameters><parameter name="source" value="{Global::documents}" type="System.object" /><parameter name="filename" value="" type="System.String" /><parameter name="logMessage" value="" type="System.String" /><parameter name="faultMessage" value="" type="System.String" /></inputParameters></extension></invoke><invoke partnerLink="Decompressor"><extension namespace=""><component aliasName="Unzip" runAsThread="True" /><inputParameters><parameter name="source" value="{Global::documents}" type="System.String" /><parameter name="filename" value="Results.xml" type="System.String" /><parameter name="logMessage" value="" type="System.String" /><parameter name="faultMessage" value="" type="System.String" /></inputParameters></extension></invoke><invoke partnerLink="XmlPopulator"><extension namespace=""><component aliasName="PopulateWQXLookups" runAsThread="True" /><inputParameters><parameter name="source" value="{Unzip::Output}" type="System.String" /><parameter name="dataSource" value="MSSQL:server=enfo_001;database=WQX;UID=nodeadmin;PWD=nodeadmin" type="System.String" /><parameter name="mapperFullName" value="PopulateWQXLookups_v2.xml" type="System.String" /><parameter name="logMessage" value="" type="System.String" /><parameter name="faultMessage" value="" type="System.String" /></inputParameters></extension></invoke></sequence></process>