<?xml version="1.0" encoding="utf-8"?><process><extension><operation name="GetWQXErrorReport" id="111" domain="WQX" webservice="NONE" type="SCHEDULED_TASK" version="VER_20"><documentation></documentation></operation></extension><partnerLinks><partnerLink name="NodeWSGetStatus" partnerLinkType=""><extension namespace=""><component library="DataFlow.PlugIn.Common.dll" class="DataFlow.PlugIn.Common.NodeWSGetStatus" /></extension></partnerLink></partnerLinks><variables><variable name="webMethodName">NONE</variable><variable name="operationName">GetWQXErrorReport</variable></variables><sequence><invoke partnerLink="NodeWSGetStatus"><extension namespace=""><component aliasName="GetWQXStatusReport" runAsThread="False" /><inputParameters><parameter name="source" value="" type="System.String" /><parameter name="nodeURI" value="http://test.epacdxnode.net/cdx-enws20/services/NetworkNode2?wsdl" type="System.String" /><parameter name="nodeVersion" value="VER_20" type="System.String" /><parameter name="authUser" value="node_support@enfotech.com" type="System.String" /><parameter name="authPassword" value="NAASPassword" type="System.String" /><parameter name="authMethod" value="PASSWORD" type="System.String" /><parameter name="authDomain" value="default" type="System.String" /><parameter name="operationName" value="GenerateAndSubmitWQX" type="System.String" /><parameter name="completedStatus" value="Completed" type="System.String" /><parameter name="errorStatus" value="Failed" type="System.String" /><parameter name="logMessage" value="" type="System.String" /><parameter name="faultMessage" value="" type="System.String" /></inputParameters></extension></invoke></sequence></process>