<?xml version="1.0" encoding="utf-8"?><process><extension><operation name="GenerateAndSubmitWQX" id="66" domain="WQX" webservice="SOLICIT" type="WEB_SERVICE" version="VER_20"><documentation></documentation></operation></extension><partnerLinks><partnerLink name="StoredProcedure" partnerLinkType=""><extension namespace=""><component library="bin/DataFlow.PlugIn.Common.dll" class="DataFlow.PlugIn.Common.StoredProcedure" /></extension></partnerLink><partnerLink name="Compressor" partnerLinkType=""><extension namespace=""><component library="bin/DataFlow.PlugIn.Common.dll" class="DataFlow.PlugIn.Common.Compressor" /></extension></partnerLink><partnerLink name="SaveToNode" partnerLinkType=""><extension namespace=""><component library="bin/DataFlow.PlugIn.Common.dll" class="DataFlow.PlugIn.Common.SaveToNode" /></extension></partnerLink></partnerLinks><variables><variable name="webMethodName">SOLICIT</variable><variable name="operationName">GenerateAndSubmitWQX</variable><variable name="transactionId" /><variable name="securityToken" /><variable name="dataflow" /><variable name="recipient" /><variable name="notificationURI" /><variable name="request" /></variables><sequence><invoke partnerLink="StoredProcedure"><extension namespace=""><component aliasName="NodeWQXInsertUpdate" runAsThread="False" /><inputParameters><parameter name="spName" value="WQX_XML_InsertUpdate" type="System.String" /><parameter name="dataSource" value="MSSQL:server=enfo_001;database=WQX;UID=nodeadmin;password=nodeadmin;" type="System.String" /><parameter name="logMessage" value="" type="System.String" /><parameter name="faultMessage" value="" type="System.String" /></inputParameters></extension></invoke><invoke partnerLink="Compressor"><extension namespace=""><component aliasName="ZipWQX" runAsThread="True" /><inputParameters><parameter name="source" value="{NodeWQXInsertUpdate::Output}" type="System.String" /><parameter name="filename" value="WQX.zip" type="System.String" /><parameter name="logMessage" value="" type="System.String" /><parameter name="faultMessage" value="" type="System.String" /></inputParameters></extension></invoke><invoke partnerLink="SaveToNode"><extension namespace=""><component aliasName="SaveToNodeDB" runAsThread="True" /><inputParameters><parameter name="source" value="{ZipWQX::Output}" type="System.object" /><parameter name="filename" value="WQX.zip" type="System.String" /><parameter name="logMessage" value="" type="System.String" /><parameter name="faultMessage" value="" type="System.String" /></inputParameters></extension></invoke></sequence></process>