<process>  <extension>    <operation domain="ICIS" id="110" name="ICIS_Unpermited_Facility" type="SCHEDULED_TASK" version="VER_20" webservice="NONE">      <documentation/>    </operation>  </extension>  <partnerLinks>    <partnerLink name="StoredProcedure" partnerLinkType="">      <extension namespace="">        <component class="DataFlow.PlugIn.Common.StoredProcedure" library="DataFlow.PlugIn.Common.dll"/>      </extension>    </partnerLink>    <partnerLink name="ExternalAPI" partnerLinkType="">      <extension namespace="">        <component class="DataFlow.PlugIn.Common.ExternalAPI" library="DataFlow.PlugIn.Common.dll"/>      </extension>    </partnerLink>    <partnerLink name="Compressor" partnerLinkType="">      <extension namespace="">        <component class="DataFlow.PlugIn.Common.Compressor" library="DataFlow.PlugIn.Common.dll"/>      </extension>    </partnerLink>    <partnerLink name="SaveToNode" partnerLinkType="">      <extension namespace="">        <component class="DataFlow.PlugIn.Common.SaveToNode" library="DataFlow.PlugIn.Common.dll"/>      </extension>    </partnerLink>    <partnerLink name="NodeWebServices" partnerLinkType="">      <extension namespace="">        <component class="DataFlow.PlugIn.Common.NodeWebServices" library="DataFlow.PlugIn.Common.dll"/>      </extension>    </partnerLink>    <partnerLink name="StoredProcedure" partnerLinkType="">      <extension namespace="">        <component class="DataFlow.PlugIn.Common.StoredProcedure" library="DataFlow.PlugIn.Common.dll"/>      </extension>    </partnerLink>  </partnerLinks>  <variables>    <variable name="webMethodName">Execute</variable>    <variable name="operationName">ICIS_Unpermited_Facility</variable>    <variable name="transactionId"/>    <variable name="securityToken"/>    <variable name="dataflow"/>    <variable name="request"/>    <variable encoding="" name="StartDate" occurenceNumber="" requiredIndicator="" type="" typeDescription=""/>  </variables>  <sequence>    <invoke partnerLink="StoredProcedure">      <extension namespace="">        <component aliasName="GenXML" runAsThread="False"/>        <inputParameters>          <parameter name="spName" type="System.String" value="ICIS_R_UNPERMITTEDFACILITY"/>          <parameter name="dataSource" type="System.String" value="jdbc:oracle:thin:ICIS_STG/ICIS_STG@kent:1521:kentdb"/>          <parameter name="logMessage" type="System.String" value=""/>          <parameter name="faultMessage" type="System.String" value=""/>          <parameter name="commandtimeout" type="System.String" value=""/>          <parameter name="transactionId" type="System.String" value="{Global::transactionId}"/>          <parameter name="P_START_DATE" type="System.String" value="{Global::StartDate}"/>          <parameter name="P_SUCCESS_IND" type="System.String" value="output:"/>        </inputParameters>      </extension>    </invoke>    <invoke partnerLink="ExternalAPI">      <extension namespace="">        <component aliasName="GetDataAPI" runAsThread="False"/>        <inputParameters>          <parameter name="dllFullName" type="System.String" value=""/>          <parameter name="classFullName" type="System.String" value="DataFlow.PlugIn.Specific.GetDataFromDatabase"/>          <parameter name="logMessage" type="System.String" value=""/>          <parameter name="faultMessage" type="System.String" value=""/>          <parameter name="dataSourceName" type="System.String" value="jdbc:oracle:thin:ICIS_STG/ICIS_STG@kent:1521:kentdb"/>          <parameter name="headerTableName" type="System.String" value=""/>          <parameter name="contentTableName" type="System.String" value="ICIS_TEMP_XML"/>          <parameter name="contentColumn1" type="System.String" value="ICIS_XML"/>          <parameter name="contentColumn2" type="System.String" value="TRANSACTION_ID"/>          <parameter name="contentColumn2Val" type="System.String" value="{Global::transactionId}"/>          <parameter name="fileName" type="System.String" value="ICISFacility{Global::transactionId}.xml"/>          <parameter name="storeProcedureFlag" type="System.String" value="{GenXML::Output}"/>          <parameter name="rowID" type="System.String" value=""/>          <parameter name="maxRow" type="System.String" value=""/>          <parameter name="orderBy" type="System.String" value=""/>        </inputParameters>      </extension>    </invoke>    <invoke partnerLink="Compressor">      <extension namespace="">        <component aliasName="Compress" runAsThread="False"/>        <inputParameters>          <parameter name="source" type="System.String" value="{GetDataAPI::Output}"/>          <parameter name="filename" type="System.String" value="ICISFacility.zip"/>          <parameter name="logMessage" type="System.String" value=""/>          <parameter name="faultMessage" type="System.String" value=""/>        </inputParameters>      </extension>    </invoke>    <invoke partnerLink="SaveToNode">      <extension namespace="">        <component aliasName="SaveToNode" runAsThread="False"/>        <inputParameters>          <parameter name="source" type="System.object" value="{Compress::Output}"/>          <parameter name="filename" type="System.String" value="ICIS_Facility.zip"/>          <parameter name="logMessage" type="System.String" value=""/>          <parameter name="faultMessage" type="System.String" value=""/>        </inputParameters>      </extension>    </invoke>    <invoke partnerLink="NodeWebServices">      <extension namespace="">        <component aliasName="SendToEPA" runAsThread="False"/>        <inputParameters>          <parameter name="source" type="System.String" value="{Compress::Output}"/>          <parameter name="nodeURI" type="System.String" value="https://testngn.epacdxnode.net/ngn-enws20/services/NetworkNode2ServiceConditionalMTOM"/>          <parameter name="nodeVersion" type="System.String" value="VER_20"/>          <parameter name="webMethod" type="System.String" value="Submit"/>          <parameter name="authUser" type="System.String" value="node_support@enfotech.com"/>          <parameter name="authPassword" type="System.String" value="enf0Tech"/>          <parameter name="authMethod" type="System.String" value="password"/>          <parameter name="authDomain" type="System.String" value="default"/>          <parameter name="dataflow" type="System.String" value="ICIS-NPDES"/>          <parameter name="request" type="System.String" value=""/>          <parameter name="rowID" type="System.String" value=""/>          <parameter name="maxRows" type="System.String" value=""/>          <parameter name="flowOperation" type="System.String" value=""/>          <parameter name="filename" type="System.String" value=""/>          <parameter name="logMessage" type="System.String" value=""/>          <parameter name="faultMessage" type="System.String" value=""/>        </inputParameters>      </extension>    </invoke>    <invoke partnerLink="StoredProcedure">      <extension namespace="">        <component aliasName="StoreProcedureCleanTable" runAsThread="False"/>        <inputParameters>          <parameter name="spName" type="System.String" value="ICIS_DELETE_STG_DATA"/>          <parameter name="dataSource" type="System.String" value="jdbc:oracle:thin:ICIS_STG/ICIS_STG@kent:1521:kentdb"/>          <parameter name="logMessage" type="System.String" value=""/>          <parameter name="faultMessage" type="System.String" value=""/>          <parameter name="commandtimeout" type="System.String" value=""/>          <parameter name="transactionId" type="System.String" value="{Global::transactionId}"/>          <parameter name="P_SUCCESS_IND" type="System.String" value="output:"/>        </inputParameters>      </extension>    </invoke>  </sequence></process>